index,published,keyword,domain,language,valid,title,description,url,image,archive,content,quote,de,en,la,added
425a8b09b11d53b08aee04e1758ecafe,2026-09-01T09:13:03Z,'flooding atmospheric river',nypost.com,en,0.3,Tropical Storm Edouard forms near Texas and Louisiana while a storm moves toward Hawaii,"Tropical Storm Edouard is set to hit Texas on Tuesday, bringing up to 9 inches of rain, as Tropical Storm Lowell moves toward Hawaii.",https://nypost.com/2026/09/01/us-news/tropical-storm-edouard-forms-near-texas-and-louisiana-while-a-storm-moves-toward-hawaii/,https://nypost.com/wp-content/uploads/sites/2/2026/09/139159518.jpg?quality=75&strip=all&w=1200,,"Tropical Storm Edouard formed Monday in the Gulf of Mexico and was expected to gain strength before bringing potentially heavy rains and flooding into parts of Texas and Louisiana.
The storm was upg… [+2677 chars]",,"Der Tropensturm Edouard bildet sich in der Nähe von Texas und Louisiana, während ein Sturm auf Hawaii zuzieht. Der Tropensturm Edouard wird am Dienstag Texas treffen und bis zu 23 cm Regen bringen, während der Tropensturm Lowell auf Hawaii zuzieht.","Tropical Storm Edouard forms near Texas and Louisiana while a storm moves toward Hawaii. Tropical Storm Edouard is set to hit Texas on Tuesday, bringing up to 9 inches of rain, as Tropical Storm Lowell moves toward Hawaii.","Tropical Tempestas Edouard prope Texas et Louisianam efficit dum procella versus Hawaii movetur. Tempestas Tropical Edouard constituitur ut Texas die Martis feriatur, usque ad IX uncias pluviae adducens, sicut Tropical Lowell versus Hawaii movet.",2026-09-02 20:58:59+00:00
e6f0eaa14d807e11a92d271c7528c5be,2026-09-01T09:51:35Z,'flooding atmospheric river',abcnews.com,en,0.3,WATCH: Woman roller skates for the first time before a large crowd,ABC News' Danny New explains how one woman turned her first time on roller skates into a social media event.,https://abcnews.com/video/136108708/,https://i.abcnewsfe.com/a/3a867198-b7f9-44af-9151-b32292440450/260901_gmafl_roller_skates_hpMain_16x9.jpg?w=992,http://web.archive.org/web/20260901115751/https://abcnews.com/video/136108708/,"<ul><li>Trumps changing tariff policy draws bipartisan criticism
</li><li>At least 2 dead in Grand Canyon flash flooding as urgent search for missing continues
</li><li>World Central Kitchen respon… [+4412 chars]",,"SEHEN: Eine Frau läuft zum ersten Mal Rollschuh vor einer großen Menschenmenge. Danny New von ABC News erklärt, wie eine Frau ihr erstes Mal auf Rollschuhen zu einem Social-Media-Event machte.",WATCH: Woman roller skates for the first time before a large crowd. ABC News' Danny New explains how one woman turned her first time on roller skates into a social media event.,VIG: Mulier cylindro poliuntur primum magna turba ante. ABC News' Danny Novae explicat quomodo una mulier primum in cylindro skates in socialis instrumenti eventum vertit.,2026-09-02 20:58:59+00:00
8d415a37af33d07ffb9339b764a7f79e,2026-09-01T11:40:51Z,'flooding atmospheric river',www.thenewhumanitarian.org,en,0.3,The Himalayan disaster Nepal could not see coming,Repeated glacier-related disasters have exposed the limits of warning systems and raise urgent questions over the region’s monitoring and development.,https://www.thenewhumanitarian.org/analysis/2026/09/01/himalayan-disaster-nepal-could-not-see-coming,https://www.thenewhumanitarian.org/s3/files/styles/social_large/public/2026-09/Nepal-flood-Ahmer-Khan-1.jpg?itok=7buc2_5G,,"Ashok Shrestha was doing what he routinely did on his journeys eating near a riverside when a raging wall of ice-cold water, slush, and rocks came crashing down a narrow Himalayan mountain valley and… [+11157 chars]",,Die Himalaya-Katastrophe konnte Nepal nicht erwarten. Wiederholte Gletscherkatastrophen haben die Grenzen von Warnsystemen deutlich gemacht und dringende Fragen zur Überwachung und Entwicklung der Region aufgeworfen.,The Himalayan disaster Nepal could not see coming. Repeated glacier-related disasters have exposed the limits of warning systems and raise urgent questions over the region’s monitoring and development.,Calamitas Himalaica Nepal venire non potuit. Repetitiones glaciei-related clades limites systematum monitorii aperuerunt et quaestiones urgentes in vigilantia et progressu regionis ponunt.,2026-09-02 20:58:59+00:00
83e4d08fe96a062dfee0f00fcb4a7d30,2026-09-01T09:40:27Z,'floods',news.samsung.com,en,0.7,"He Was Nine When the Floods Hit Kerala. Now, at 17, He’s Building AI Technology to Prevent the Next One","From a nine-year-old watching floodwaters engulf a familiar landscape to a 17-year-old building an AI-enabled dam-management prototype, Novain’s journey is a reminder that innovation does not always begin with access to a sophisticated laboratory Some memorie…",https://news.samsung.com/in/he-was-nine-when-the-floods-hit-kerala-now-at-17-hes-building-ai-technology-to-prevent-the-next-one,https://img.global.news.samsung.com/in/wp-content/uploads/2026/09/01125724/feature-Thrissur-1.jpg,,"Some memories fade with time. For 17-year-old Novain Shibu, the memory of water rising through Kerala during the devastating floods of 2018 never did.
He was only nine then, but the images of floodi… [+3572 chars]",,"Er war neun Jahre alt, als die Überschwemmungen Kerala heimsuchten. Jetzt, mit 17, baut er KI-Technologie auf, um das nächste zu verhindern. Von einem Neunjährigen, der beobachtet, wie Hochwasser eine vertraute Landschaft verschlingt, bis hin zu einem 17-Jährigen, der einen KI-gestützten Staudammmanagement-Prototyp baut – Novains Reise ist eine Erinnerung daran, dass Innovation nicht immer mit dem Zugang zu einem hochentwickelten Labor beginnt. Einige Erinnerungen …","He Was Nine When the Floods Hit Kerala. Now, at 17, He’s Building AI Technology to Prevent the Next One. From a nine-year-old watching floodwaters engulf a familiar landscape to a 17-year-old building an AI-enabled dam-management prototype, Novain’s journey is a reminder that innovation does not always begin with access to a sophisticated laboratory Some memorie…","Novem cum flumina percute Kerala. Nunc, in 17, aedificat AI Technologiam ut unum proximum praeveniat. Ab undeviginti annorum vigiliis aquarum diluvium inundatio notissima ad 17 annos aedificationis AI-parationem dam procurationis prototypum, Novain iter commemoratio innovatio non semper incipit accessu ad laboratorium sophisticatum Quidam memorie…",2026-09-02 20:58:59+00:00
6b382e6fd6461dae3b8e5c8e5dc59467,2026-09-01T10:00:57Z,'flooding',gothamist.com,en,0.7,'Where are we going to go?': Flooding forces Queens family out of home of 34 years,"Anita Hack, left, with her son Jonathan outside the family’s home in Hollis, Queens.
 

The city has yet to purchase flood-prone homes despite years of buyout plans. [ more › ]",https://gothamist.com/news/where-are-we-going-to-go-flooding-forces-queens-family-out-of-home-of-34-years,https://api-prod.gothamist.com/images/358910/fill-1200x650|format-webp|webpquality-85/,,"The block in Hollis, Queens, where Anita Hack and her family moved in 1992 is on the frontline of New York Citys losing battle against disastrous floods.
Five years ago, two tenants drowned in a bas… [+7191 chars]",,"„Wohin gehen wir?“: Eine Überschwemmung zwingt die Familie Queens, ihr 34-jähriges Zuhause zu verlassen. Anita Hack, links, mit ihrem Sohn Jonathan vor dem Haus der Familie in Hollis, Queens.
 

Die Stadt hat trotz jahrelanger Übernahmepläne noch keine überschwemmungsgefährdeten Häuser gekauft. [ mehr > ]","'Where are we going to go?': Flooding forces Queens family out of home of 34 years. Anita Hack, left, with her son Jonathan outside the family’s home in Hollis, Queens.
 

The city has yet to purchase flood-prone homes despite years of buyout plans. [ more › ]","'Quo imus?': Reginarum copiae inundationes familiae e domo 34 annorum. Anita Hack cum filio suo Ionathan filio suo extra domum in Hollis, Reginarum reliquit.
 

Urbs adhuc cataractas proclives domos redimere obstante annis de consiliis buyouis. [ magis ]",2026-09-02 20:58:59+00:00
050e661f5d74f4ef70b513e1cb3f1c6d,2026-09-01T09:06:10Z,'flooding',www.sciencedaily.com,en,0.9,One of Earth’s driest places was just covered in snow,"Rare storms covered huge stretches of Chile’s Atacama Desert in snow and dumped extraordinary amounts of rain on one of the driest regions on Earth. The extreme weather shut down observatories, triggered damaging floods and mudflows, and unfolded against the …",https://www.sciencedaily.com/releases/2026/09/260901010709.htm,https://www.sciencedaily.com/images/1920/atacama-desert-snow.webp,http://web.archive.org/web/20260901134403/https://www.sciencedaily.com/releases/2026/09/260901010709.htm,"A series of winter storms swept across northern Chile in August 2026, bringing an unusual covering of snow to parts of the Atacama Desert. Snowfall in this famously dry region is not unprecedented. S… [+3922 chars]",,"Einer der trockensten Orte der Erde war gerade mit Schnee bedeckt. Seltene Stürme bedeckten weite Teile der chilenischen Atacama-Wüste mit Schnee und ließen außergewöhnliche Regenmengen in einer der trockensten Regionen der Erde niedergehen. Das extreme Wetter schloss Observatorien, löste verheerende Überschwemmungen und Schlammlawinen aus und richtete sich gegen die …","One of Earth’s driest places was just covered in snow. Rare storms covered huge stretches of Chile’s Atacama Desert in snow and dumped extraordinary amounts of rain on one of the driest regions on Earth. The extreme weather shut down observatories, triggered damaging floods and mudflows, and unfolded against the …","Locus aridissimus Telluris unus modo nive obsitus erat. Rara tempestates ingentes fines Chile Atacama Desert in nivis obduxerunt et proiecerunt extraordinarias pluvias in una ex regionibus siccissimis in Terra. Tempestas extrema in observationibus descendit, inundationes et mudfluxus damnosos Urguet, et contra ... explicatur.",2026-09-02 20:58:59+00:00
c9c649976ba55d1b60bceda3e9492190,2026-09-01T09:48:53Z,'flooding',abcnews.com,en,0.9,"Death toll tops 1,000 after Nepal flooding, as search continues for thousands","A total of 3,916 people were said to be missing throughout Nepal, the government said.",https://abcnews.com/International/death-toll-tops-1000-after-nepal-flooding-search/story?id=136108774,https://i.abcnewsfe.com/a/194ad2ac-83fc-4261-aeba-e9a2ca3eb65d/nepal-main_1788252734403_hpMain_16x9.jpg?w=1600,,"LONDON -- More than 1,000 people were confirmed dead and almost 4,000 others were thought to be missing as of Tuesday afternoon in Nepal, where deadly flash flooding last week destroyed towns and swe… [+3192 chars]",,"Zahl der Todesopfer nach Überschwemmung in Nepal übersteigt 1.000, die Suche nach Tausenden geht weiter. Nach Angaben der Regierung galten in ganz Nepal insgesamt 3.916 Menschen als vermisst.","Death toll tops 1,000 after Nepal flooding, as search continues for thousands. A total of 3,916 people were said to be missing throughout Nepal, the government said.","Mortuus toll capita 1000 post Nepalia inundationem, sicut pergit quaerere per milia. Summa 3,916 homines dixerunt imperium totius Nepal defuit esse.",2026-09-02 20:58:59+00:00
a0ed9b32e780263783067952050a466d,2026-09-01T09:55:33Z,'flooding death',biztoc.com,en,0.9,"Nepal flood deaths top 1,000, nearly 4,000 missing","The death toll from severe flooding in Nepal has topped 1,000, while nearly 4,000 people remain missing, with rescue operations continuing across affected areas. The Nepali National Disaster Risk Redu...",https://biztoc.com/x/60b63f96abd610e4,https://biztoc.com/cdn/60b63f96abd610e4_s.webp,,"The death toll from severe flooding in Nepal has topped 1,000, while nearly 4,000 people remain missing, with rescue operations continuing across affected areas. The Nepali National Disaster Risk Red… [+69 chars]",,"Über 1.000 Todesopfer durch Überschwemmungen in Nepal, fast 4.000 werden vermisst. Die Zahl der Todesopfer durch schwere Überschwemmungen in Nepal hat 1.000 überschritten, während fast 4.000 Menschen weiterhin vermisst werden und die Rettungsaktionen in den betroffenen Gebieten fortgesetzt werden. Die nepalesische nationale Katastrophenvorsorge...","Nepal flood deaths top 1,000, nearly 4,000 missing. The death toll from severe flooding in Nepal has topped 1,000, while nearly 4,000 people remain missing, with rescue operations continuing across affected areas. The Nepali National Disaster Risk Redu...","Inundatio Nepalorum mortes supremae 1,000, 4000 fere desunt. Mortuus vectigal ex gravi inundatione in Nepalia 1,000 cumulum fecit, cum fere 4,000 homines absentes manent, cum operationibus trans affectis locis permanentibus subveniendum est. In National Nepalica Risk Redu ... malum",2026-09-02 20:58:59+00:00
62fb02a58c5b1c0f5b98161854a2c9fb,2026-09-01T10:09:01Z,'flooding storm',biztoc.com,en,0.9,Tropical Storm Edouard: List of School Districts Announcing Closures in Texas,"Multiple school districts across southeast Texas have canceled classes on Tuesday as Tropical Storm Edouard approaches the upper Texas Gulf Coast, bringing a growing threat of heavy rainfall, flash flooding and hazardous travel conditions.
District leaders sa…",https://biztoc.com/x/d0122eb1c3a5256c,https://biztoc.com/cdn/d0122eb1c3a5256c_s.webp,,"Multiple school districts across southeast Texas have canceled classes on Tuesday as Tropical Storm Edouard approaches the upper Texas Gulf Coast, bringing a growing threat of heavy rainfall, flash f… [+145 chars]",,"Tropensturm Edouard: Liste der Schulbezirke, die Schließungen in Texas ankündigen. Mehrere Schulbezirke im Südosten von Texas haben am Dienstag den Unterricht abgesagt, da sich der Tropensturm Edouard der oberen Golfküste von Texas nähert, was eine wachsende Gefahr von starken Regenfällen, Sturzfluten und gefährlichen Reisebedingungen mit sich bringt.
Bezirksleiter sagen…","Tropical Storm Edouard: List of School Districts Announcing Closures in Texas. Multiple school districts across southeast Texas have canceled classes on Tuesday as Tropical Storm Edouard approaches the upper Texas Gulf Coast, bringing a growing threat of heavy rainfall, flash flooding and hazardous travel conditions.
District leaders sa…","Tropical Storm Edouard: List of School Districts Annuntians Closures in Texas. Multiplices scholae regiones per Texas meridiem orientalem classes die Martis deleverunt ut Tropical Edouard appropinquat ad superiorem Texas sinus Coasts, minas ingravescentes pluvias, mico inundationes et ancipites peregrinationes condiciones.
Districtus ducum sa…",2026-09-02 20:58:59+00:00
60489ad5fc5625a0764d84f5dd0d2651,2026-09-01T10:17:19Z,'flooding',www.cbc.ca,en,0.9,"More than 1,000 dead from catastrophic Nepal-China floods as rescuers search for survivors","The death toll from catastrophic flooding in Nepal and China passed 1,000 on Tuesday, authorities said, as rescue teams worked to reach communities cut off by the disaster.",https://www.cbc.ca/news/world/nepal-china-flood-1-000-dead-9.7327637,"https://i.cbc.ca/ais/cb7174ae-3211-45c8-b2fb-ba305e6948e0,1788245687112/full/max/0/default.jpg?im=Crop%2Crect%3D%280%2C31%2C594%2C334%29%3BResize%3D620",,"The death toll from catastrophic flooding in Nepal and China passed 1,000 on Tuesday, authorities said, as rescue teams worked to reach communities cut off by the disaster. 
Nepal's disaster agency … [+2270 chars]",,"Mehr als 1.000 Tote bei den katastrophalen Überschwemmungen zwischen Nepal und China, während Retter nach Überlebenden suchen. Die Zahl der Todesopfer durch die katastrophale Überschwemmung in Nepal und China hat am Dienstag die 1.000-Marke überschritten, teilten die Behörden mit, während Rettungsteams daran arbeiteten, die durch die Katastrophe abgeschnittenen Gemeinden zu erreichen.","More than 1,000 dead from catastrophic Nepal-China floods as rescuers search for survivors. The death toll from catastrophic flooding in Nepal and China passed 1,000 on Tuesday, authorities said, as rescue teams worked to reach communities cut off by the disaster.","Plus quam 1,000 mortui e catastrophico Nepal-China inundationes tamquam servatores residuos quaerunt. Mortis vectigal ex catastrophicis inundationibus in Nepal et Sinis 1000 die Martis transiit, auctores dixerunt, ut iugis liberandis laboratum est ut communitates calamitate interclusae pervenirent.",2026-09-02 20:58:59+00:00
81ee2757d14ffe0e7d6c4c479be50f9d,2026-09-01T10:39:43Z,'floods',www.nbcnews.com,en,0.9,"Smell of death hangs over rescue efforts in Nepal as deaths pass 1,000",The overwhelming stench of death is crushing hopes that more survivors will be found in this Nepalese town devastated by last week’s catastrophic floods.,https://www.nbcnews.com/world/asia/nepal-floods-deaths-pass-1000-death-smell-rcna595469,"https://media-cldnry.s-nbcnews.com/image/upload/t_nbcnews-fp-1200-630,f_auto,q_auto:best/rockcms/2026-09/260901-Nuwakot-rs-02218f.jpg",,"BIDUR, Nepal The overwhelming stench of death is crushing hopes that more survivors will be found in this Nepalese town devastated by last weeks catastrophic floods.
Workers in white hazmat suits un… [+3928 chars]",,"Der Geruch des Todes hängt über den Rettungsbemühungen in Nepal, da die Zahl der Toten auf über 1.000 gestiegen ist. Der überwältigende Gestank des Todes zerstört die Hoffnung, dass in dieser nepalesischen Stadt, die letzte Woche von den katastrophalen Überschwemmungen verwüstet wurde, weitere Überlebende gefunden werden.","Smell of death hangs over rescue efforts in Nepal as deaths pass 1,000. The overwhelming stench of death is crushing hopes that more survivors will be found in this Nepalese town devastated by last week’s catastrophic floods.","Odor mortis imminet in Nepalia nisus opem ferens ut mortes 1,000. Foetor opprimens mortis spem opprimit quod plures reliquiae in hoc oppido Nepalese per ultimas hebdomades inundationes calamitosas devastatae invenientur.",2026-09-02 20:58:59+00:00
cbef7f0be81158879a7fba20053bce5b,2026-09-01T10:44:21Z,'flooding rain',timesofindia.indiatimes.com,en,0.9,"Gujarat schools hit by heavy rain can hold classes on holidays to complete syllabus, say officials","Heavy rainfall and flooding in south Gujarat have disrupted classes in several areas, prompting schools to adjust their academic schedules. The state education department has prioritised syllabus completion, with schools allowed to use Saturdays and special c…",https://timesofindia.indiatimes.com/education/news/gujarat-schools-brace-for-syllabus-crunch-as-floods-disrupt-classes-saturday-special-classes-may-help-make-up-lost-time/articleshow/133678137.cms,"https://static.toiimg.com/thumb/msid-133678137,width-1280,height-720,resizemode-6,overlay-toi_sw,pt-32,y_pad-600/photo.jpg",,"<ul><li>News</li>
<li>Education News</li>
<li>News</li>
<li>Gujarat schools hit by heavy rain can hold classes on holidays to complete syllabus, say officials</li></ul>
Follow Us On Social Media… [+2121 chars]",,"Von starkem Regen betroffene Schulen in Gujarat können an Feiertagen Unterricht abhalten, um den Lehrplan zu vervollständigen, sagen Beamte. Starke Regenfälle und Überschwemmungen in Süd-Gujarat haben in mehreren Gebieten zu Unterrichtsunterbrechungen geführt, was die Schulen dazu veranlasste, ihre Stundenpläne anzupassen. Das staatliche Bildungsministerium hat der Fertigstellung des Lehrplans Priorität eingeräumt, wobei den Schulen erlaubt ist, Samstage und Sonderschulen zu nutzen …","Gujarat schools hit by heavy rain can hold classes on holidays to complete syllabus, say officials. Heavy rainfall and flooding in south Gujarat have disrupted classes in several areas, prompting schools to adjust their academic schedules. The state education department has prioritised syllabus completion, with schools allowed to use Saturdays and special c…","Gujarat scholae pluviae pluviae percussae continere classes feriarum potest ut syllabus complendis dicat magistratus. Imbres graves et inundationes in Gujarat australi in compluribus locis classes disiecerunt, scholas suaserunt ut cedulas academicas suas accommodarent. Status educationis department prioritizavit syllabus complementum, cum scholis Sabbati uti permissum est et specialibus c…",2026-09-02 20:58:59+00:00
c0f5332ae18e8b0186e659b6e34df498,2026-09-01T11:00:00Z,'flooding storm',www.kqed.org,en,0.9,"El Niño Could Bring a Wet, Wild Winter. How Can You — and Your Home — Be Ready?","A powerful El Niño could bring flooding, high tides, and fierce storms. Here’s how Bay Area residents can prepare.",https://www.kqed.org/news/12097546/el-nino-could-bring-a-wet-wild-winter-how-can-you-and-your-home-be-ready,https://cdn.kqed.org/wp-content/uploads/sites/10/2026/08/022_KQED_StormSanFrancisco_01102023_qed.jpg,http://web.archive.org/web/20260901110231/https://www.kqed.org/news/12097546/el-nino-could-bring-a-wet-wild-winter-how-can-you-and-your-home-be-ready,"Higher seas. Back-to-back storms. Mudslides. Flooded homes and highways. 
The mere mention of El Niño and the headlines youre seeing can be anxiety-provoking. But how real should your worry be? And … [+9078 chars]",,"El Niño könnte einen nassen, wilden Winter bringen. Wie können Sie – und Ihr Zuhause – bereit sein? Ein starker El Niño könnte Überschwemmungen, Flut und heftige Stürme mit sich bringen. So können sich Bewohner der Bay Area vorbereiten.","El Niño Could Bring a Wet, Wild Winter. How Can You — and Your Home — Be Ready?. A powerful El Niño could bring flooding, high tides, and fierce storms. Here’s how Bay Area residents can prepare.","El Niño umidam, hyemem ferum efficere potuit. Quomodo potes — et domum tuam — Paratus esto? Potens El Niño potuit inundationes, aestus maximos, procellas ferreas efficere. Hic est quomodo incolae Bay Area parare possunt.",2026-09-02 20:58:59+00:00
f71eb0ace21e423713632e5171ae457a,2026-09-01T04:05:12Z,'floods',www.dailymail.com,en,0.9,Desperate search for person missing in Grand Canyon after two bodies found and 80 rescued amid warning of more flooding,"One person remains missing after devastating flash floods ripped through the Grand Canyon, where officials rescued 80 hikers and recovered the bodies of two.",https://www.dailymail.com/news/article-16094777/Grand-Canyon-flooding-missing-rescue.html,https://i.dailymail.com/1s/2026/09/01/05/110966419-0-image-a-58_1788235277931.jpg,,"One person remains missing after devastating flash floods ripped through the Grand Canyon, where officials rescued 80 hikers and recovered the bodies of two.
Parts of the scenic canyon were hit by s… [+7809 chars]",,"Verzweifelte Suche nach einer vermissten Person im Grand Canyon, nachdem zwei Leichen gefunden und 80 gerettet wurden, während vor weiteren Überschwemmungen gewarnt wurde. Eine Person bleibt vermisst, nachdem verheerende Sturzfluten den Grand Canyon heimgesucht haben, wo Beamte 80 Wanderer retteten und die Leichen von zwei geborgen haben.","Desperate search for person missing in Grand Canyon after two bodies found and 80 rescued amid warning of more flooding. One person remains missing after devastating flash floods ripped through the Grand Canyon, where officials rescued 80 hikers and recovered the bodies of two.","Investigatio desperata persona absentis in Grand Canyon post duo corpora inventa et 80 servata inter admonitionem magis inundationis. Unus homo periit postquam vastatae diluvii inundationes per Magnam Canyon sciderunt, ubi magistratus 80 hikers liberaverunt et corpora duorum recuperaverunt.",2026-09-03 11:07:06+00:00
6fb0cb3b9b9a1f2818e0091d5e73436d,2026-09-01T12:53:59Z,'flooding area',www.foxnews.com,en,0.9,2 Grand Canyon flooding victims photographed on hiking trip in days before deaths,"John Giusti and Brent Rosenkranz, from Texas, posted selfies from the Grand Canyon before devastating flash flooding swept through the area on Saturday.",https://www.foxnews.com/us/grand-canyon-flooding-victims-photographed-hiking-trip-days-before-deaths,https://static.foxnews.com/foxnews.com/content/uploads/2026/09/Grand-Canyon-Deaths.jpg,,"The two victims whose remains were found after flash flooding swept through the Grand Canyon were seen photographed on the same trip prior to the deadly incident.
The families of Texas chiropractor … [+3509 chars]",,"Zwei Überschwemmungsopfer im Grand Canyon wurden wenige Tage vor den Todesfällen auf einer Wanderung fotografiert. John Giusti und Brent Rosenkranz aus Texas posteten Selfies vom Grand Canyon, bevor am Samstag verheerende Sturzfluten über die Gegend fegten.","2 Grand Canyon flooding victims photographed on hiking trip in days before deaths. John Giusti and Brent Rosenkranz, from Texas, posted selfies from the Grand Canyon before devastating flash flooding swept through the area on Saturday.","2 Grand Canyon victimae inundantes photographatae in itinere hiking in diebus ante mortem. John Giusti et Brent Rosenkranz, ex Texas, autocineto e Magnae Angustiae missae antequam fulguris inundationes vastarentur per aream die Saturni rapuerunt.",2026-09-03 11:07:06+00:00
4eaa3f1e5ea2f19d891c811a78afe52b,2026-09-01T06:02:27Z,'floods',www.bbc.co.uk,en,0.9,The remote Nepal-China border crossing at the heart of a Himalayan tragedy,More than 100 Indians are missing at a vital Nepal-China trade crossing after devastating Himalayan floods.,https://www.bbc.co.uk/news/articles/c0qxw1qw3g7o,https://ichef.bbci.co.uk/ace/branded_news/1200/cpsprodpb/d3d0/live/db5294a0-a513-11f1-aed2-8d6da8d75094.jpg,http://web.archive.org/web/20260901084901/https://www.bbc.co.uk/news/articles/c0qxw1qw3g7o,"When a 21-member Chinese rescue team reached Gyirong on 28 August, one rescuer told Reuters: ""As far as the eye could see, there was nothing but ruins.""
The crossing had only recently recovered from… [+2331 chars]",,Der abgelegene Grenzübergang zwischen Nepal und China im Zentrum einer Tragödie im Himalaya. Mehr als 100 Inder werden nach verheerenden Überschwemmungen im Himalaya an einem wichtigen Handelsübergang zwischen Nepal und China vermisst.,The remote Nepal-China border crossing at the heart of a Himalayan tragedy. More than 100 Indians are missing at a vital Nepal-China trade crossing after devastating Himalayan floods.,Remotus terminus Nepal-Chinae transitum ad cor tragoediae Himalayan. Plus quam 100 Indi desunt ad mercaturam vitalis Nepal-China transgresso post inundationes Himalayan devastandas.,2026-09-03 16:21:17+00:00
f0431e619899430027f065ec77df242a,2026-09-01T13:34:04Z,'floods',www.bbc.co.uk,en,0.9,One still missing after Grand Canyon floods kill two and prompts rescue efforts,"Almost everyone is now accounted for after dozens of hikers were airlifted to safety, an official says.",https://www.bbc.co.uk/news/articles/c62e6rkn43ko,https://ichef.bbci.co.uk/ace/branded_news/1200/cpsprodpb/b1ca/live/41edbe20-a581-11f1-ae94-15924a612dd1.jpg,,"All but one person missing after flash flooding devastated parts of the Grand Canyon has now been found, the National Parks Service (NPS) says. 
Thirty people had previously been unaccounted for, bu… [+1203 chars]",,"Einer wird immer noch vermisst, nachdem bei den Überschwemmungen im Grand Canyon zwei Menschen ums Leben kamen und Rettungsmaßnahmen erforderlich wurden. Nachdem Dutzende Wanderer mit dem Flugzeug in Sicherheit gebracht wurden, seien mittlerweile fast alle gestorben, sagt ein Beamter.","One still missing after Grand Canyon floods kill two and prompts rescue efforts. Almost everyone is now accounted for after dozens of hikers were airlifted to safety, an official says.","Unus adhuc defuit postquam Grand Canyon inundationes duas necant et conatus liberare suggerit. Fere omnes nunc aestimantur quia post justos hikeros ad salutem elati sunt, dicit officialis.",2026-09-03 16:21:17+00:00
