day,sentiment_mean,sentiment_std,subjectivity_mean,subjectivity_std,counting
2024-11-01,-0.7459987949441498,0.9868049484541768,0.23732346674094215,0.9126439633186058,5.0
2024-11-02,0.4834350988156348,0.9476670049152258,0.7991020464148683,0.6681245213847902,2.0
2024-11-03,-0.3411810479045256,0.8939601602262385,1.067322001467429,0.24128466356006778,4.0
2024-11-04,0.1296021285242654,1.0399545511146406,-0.2566723456900731,0.8950484234791752,6.0
2024-11-05,-0.6214119104187756,0.1211908484655926,-0.8923174653066074,0.261927461378988,2.0
2024-11-06,-0.53453272442274,1.3260675154130876,-0.08712634262156754,1.125336382769775,4.0
2024-11-09,-1.229324511198232,0.8156582085377807,1.8429564162627847,0.2570456869987711,2.0
2024-11-12,-1.0542199386897526,1.0,-1.757580833563275,1.0,1.0
2024-11-13,-2.2684992256906678,1.0,1.6500046244241795,1.0,1.0
2024-11-17,-0.9319301671698763,1.0,0.6130139101553099,1.0,1.0
2024-11-18,0.34600319024512777,0.3411835504452661,-0.38602886389399904,2.5137951945532477,2.0
2024-11-19,0.340409347623218,0.4072829581550639,0.5175501499080372,1.549734518845003,3.0
2024-11-25,0.6694969483896984,0.6288509714661669,-0.9084412789448342,0.5406485787470865,2.0
2024-11-27,0.0413324336078349,1.0,-0.703072155618323,1.0,1.0
2024-11-30,-0.6599999999999999,1.0,0.6799999999999999,1.0,1.0
2024-12-03,-0.3302034375868199,0.9952173935231704,0.2135914678383842,0.4304267627075928,3.0
2024-12-05,0.687401733597247,0.9317267526699156,0.7080653622632208,0.5770915696473371,2.0
2024-12-10,0.03121463455211209,0.07613232343893676,0.23420348303687177,0.03917552427004939,2.0
2024-12-11,1.1021720383040177,1.0,-0.2223458701262413,1.0,1.0
2024-12-12,0.44264731991035006,0.5300264347026733,0.20112088415761678,1.6768324068359106,3.0
2024-12-19,-1.3175334503812182,1.0,0.4725584940391698,1.0,1.0
2024-12-20,-0.4862202394100712,1.0,0.4050600562409503,1.0,1.0
2024-12-21,1.4088086170015905,1.0,0.7338384743070571,1.0,1.0
2024-12-24,-1.700929154554986,0.43458367304784834,0.6977580950418382,0.7329383282443152,2.0
2024-12-26,-2.2766695417582206,1.0,-0.3695646153823221,1.0,1.0
2024-12-31,0.28024953377968526,0.27623785596926836,-0.18067685756703314,1.2640441093043817,3.0
2025-01-01,0.29350021752538585,1.0,0.7660596919972615,1.0,1.0
2025-01-03,-0.6663528398340708,1.0,-0.3630945538999969,1.0,1.0
2025-01-05,-0.17975736319308674,0.395636657201399,-0.8688291405764337,1.778681894911023,2.0
2025-01-06,-0.10181330291385644,0.15743330922387436,-1.2511016634220724,0.7212719337391948,2.0
2025-01-07,-0.03720052516140417,0.46469844183187803,0.06341475015010864,0.8822487758233827,5.0
2025-01-08,0.6704907271874605,1.0,0.7471055115844301,1.0,1.0
2025-01-09,-1.0532948959833797,0.11698757133581325,-0.33563213363532346,0.4790739431636358,2.0
2025-01-11,-1.0299388115458468,2.2939558301212974,1.1377205298954927,1.224974294610549,3.0
2025-01-12,-0.04406768320602323,0.13253581582107388,-0.2124249813562548,0.6225604798373514,3.0
2025-01-13,0.02490933824784134,0.13984283553425422,-0.3534960603708683,0.5501777546847539,2.0
2025-01-14,-0.6858904719433532,1.0563330182694928,-0.4101842858248358,0.7835713800334888,4.0
2025-01-15,1.0367785922152324,0.20212119800132028,-0.5817157017762685,0.8272750086632437,2.0
2025-01-16,-0.3347286021834073,1.473377728921963,-0.841756819455276,0.1904239102936855,2.0
2025-01-17,0.740950478975282,0.3670368139126444,1.0105554812271607,1.6857217512874814,3.0
2025-01-19,-1.048181392317797,1.0,-1.5732280048931848,1.0,1.0
2025-01-20,0.06988143046211752,0.993547059564789,-0.23971601049704452,0.41187138772896437,3.0
2025-01-21,-0.7501472512752938,0.29748761321628575,-0.8570851905799808,0.5239590170683628,5.0
2025-01-22,0.15922196715174525,1.023322060025023,0.1475366603758271,0.8228304003927985,8.0
2025-01-23,-0.7322854994167209,1.78806634816179,0.79515212482939,1.8337117862340135,4.0
2025-01-24,0.5340467533985376,1.2199093229818423,0.4690629547364125,0.9587834894226237,10.0
2025-01-25,0.46083206065886834,0.6624325204301251,0.04527853981934303,0.9046427349550482,10.0
2025-01-26,0.526326824739356,0.5029993269208539,-0.08648437025587041,0.452279544492612,4.0
2025-01-27,0.2788805879294923,0.6046344861102163,-0.5601148669229067,0.8961251481619202,9.0
2025-01-28,-0.18310756148419083,0.8589093916291914,0.21130689862307833,1.0209130847279577,8.0
2025-01-29,-0.05969659446657315,0.90612348237124,-0.24697407694609252,1.0626076734200336,9.0
2025-01-30,-0.7818653536384249,0.6455049460617898,0.12668777849446014,0.9711385801275518,5.0
2025-01-31,0.11591472071498332,1.1904735083758333,0.6350444034110306,0.6869065818189063,12.0
2025-02-01,-0.32045534830113265,1.2319714638322166,0.03380219101076206,1.0272275132307018,6.0
2025-02-02,-0.5440907111669483,0.9769015988657282,0.3998182822274282,1.0193540811775397,10.0
2025-02-03,-0.3725637170395697,0.6818593568117286,-0.17566556381935172,1.2846679842106252,18.0
2025-02-04,0.3110560502863519,1.3948895550956133,0.23835593256890353,1.319122703688053,12.0
2025-02-05,-0.3359201773046111,0.6800880128597523,-0.5846441904998587,1.2703307992010477,5.0
2025-02-06,-0.9651188535600136,0.6599922430425235,-0.04350170194625028,0.8791614492867355,6.0
2025-02-07,0.3034718540526156,0.812112488153291,0.2573269688544357,0.9841506346209156,9.0
2025-02-08,0.5561385599743764,1.4766307208257388,-0.14046610564970025,1.4027117473982738,3.0
2025-02-09,0.07645256116776228,0.7072245125457203,0.5463430864961782,1.4602761289205608,4.0
2025-02-10,-0.1682892984026553,1.0722845846803257,-0.04451794073429065,0.9803327280201284,10.0
2025-02-11,0.2519480721145173,0.5192905101248115,-0.22009611452954742,1.0098328950274469,13.0
2025-02-12,-0.002798774612387384,1.274928055924482,0.09772845536881027,0.9101908483277398,23.0
2025-02-13,0.1649652973510424,0.7599747500319683,-0.06207711570982394,0.6780064014354705,25.0
2025-02-14,-0.09732639627900518,0.8500557091813524,-0.04833495329109257,0.7178391622833435,16.0
2025-02-15,-0.14537812364817576,0.707752752194326,-0.052433735149570226,0.7075265694222415,9.0
2025-02-16,-0.5797448700106754,0.7184897720192082,0.6047672796986175,0.6710946061467228,19.0
2025-02-17,-0.7395575677457875,0.9112845380147558,0.256492382074933,0.7279901084739067,40.0
2025-02-18,-0.5106978933018905,1.2064013154685647,0.5740208301279924,0.7045389757069528,13.0
2025-02-19,-0.05964526484251806,0.7515041361260478,0.03444842109512966,1.1865652794321095,13.0
2025-02-20,0.5736454210422595,0.45114619459111066,-0.02595582322763091,0.46363558019294737,5.0
2025-02-21,0.4431231356676634,0.6870576904199195,-0.2660611555957384,1.206428105557789,4.0
2025-02-22,-0.13137951039275134,0.16775470517790783,0.9306124599570922,0.39684594664219697,2.0
2025-02-23,0.35530938649319677,0.8946127658598626,-0.0663125910314426,1.1727653875095863,4.0
2025-02-24,0.48112205656279616,0.7602696328586778,0.09346715617938695,0.5765039862658173,5.0
2025-02-25,-0.0754860374803296,0.6467053002168884,-0.127583824713077,1.4154466634595873,9.0
2025-02-26,-0.2681154833572175,1.2309660388352877,-0.03094116359188421,0.6650401785483167,9.0
2025-02-27,0.6516459108369356,0.2373926002237163,0.38202323524866766,1.3441689174498888,3.0
2025-02-28,0.21328842513667232,0.6782444142793576,-0.7244778632748908,1.4753136309033017,5.0
2025-03-01,0.21321948496610152,1.4413388320971219,0.008517730289997305,0.8028058677958236,4.0
2025-03-02,0.05918281289353108,0.06955500102968996,0.5644090048717771,0.345646529455779,2.0
2025-03-03,0.5603648671411902,0.7488872569951475,0.09614498513393166,0.6089240980198154,6.0
2025-03-04,0.6191407420082006,0.738146428759715,0.17414653447963166,1.275319973827775,10.0
2025-03-05,-0.07466976699808286,0.7025564442133863,0.22853664739342747,1.0348719491926892,12.0
2025-03-06,0.5012818759892117,1.1343962032467965,0.2917816174512047,0.8476144728733392,7.0
2025-03-07,-0.11714152044988581,0.8790301402845263,-0.368623808785373,0.93541525881503,14.0
2025-03-08,0.5409347004229991,1.0584095751017881,0.3963938705116633,0.7761911441644029,16.0
2025-03-09,0.008913877254973909,0.9719754135052953,-0.15470508316585974,0.5838048888443161,15.0
2025-03-10,-0.036316479565445946,1.5086846231013968,-0.08187159442863552,0.9990559222412588,30.0
2025-03-11,0.6986902810296034,0.7148270024304867,0.41512067488749743,0.9090126885533061,8.0
2025-03-12,0.4175983188509059,1.4316683964076418,0.337415751448,1.0362722527594868,16.0
2025-03-13,-0.013118935924719688,0.9813179371363566,0.40959871884893406,0.8947542076493572,13.0
2025-03-14,0.17524193336924537,0.7635176092490678,-0.3936250292107976,1.0084133058233438,11.0
2025-03-15,1.0011555669580887,0.6331976188826134,-0.12118428958315304,1.1662376689077225,5.0
2025-03-16,-0.5837795927207254,0.8191440186421548,-0.07908938294211544,0.33998464008534574,6.0
2025-03-17,0.42517211793043763,0.025782016294691932,-0.7971150421413344,0.16081789894793813,2.0
2025-03-18,0.08735824519023543,0.49978148459068794,-0.571208517160095,0.49703356243228775,6.0
2025-03-19,0.11167699182730938,0.6276625296745529,-0.3194914736143699,1.147100599064151,18.0
2025-03-20,-0.09933239343650078,1.0190270820166982,-0.0011623950489002657,0.9747513513435466,11.0
2025-03-21,0.6736690144228846,1.3067494423949415,0.44066474607774936,0.7483498831077514,13.0
2025-03-22,0.39562799674752674,0.623476397818839,0.040526270974580475,0.7922137472029516,10.0
2025-03-23,0.21312582261742874,0.9167916911839229,0.052261756835168566,1.0836721384336647,11.0
2025-03-24,0.33011894373305994,1.2273801056600517,-0.030141240861311713,0.7967811567939262,10.0
2025-03-25,0.5898362361014446,0.7973672007744109,0.3172988833729795,1.3148334729970117,9.0
2025-03-26,0.026231058520253713,0.6904817366712217,-0.08155380695082855,0.8646287898268963,10.0
2025-03-27,0.3451077369950491,1.1340219523285042,0.725017397545591,1.0252599389516857,9.0
2025-03-28,0.2411605523386539,0.5878874052876364,-0.02372252366688857,0.8971611683877887,17.0
2025-03-29,0.4082282168658604,0.9797583305454795,-0.5333461708305962,0.9633363615045915,9.0
2025-03-30,-0.4737281011088297,0.6584869910243302,0.2169999629754481,1.084616021009512,3.0
2025-03-31,-0.28997609527767726,0.7317419421384208,0.21682727161093598,0.8623527465811186,8.0
2025-04-01,0.12874050380199958,0.7954598048322499,0.07657161507033491,0.7045419382643581,20.0
2025-04-02,0.16680087864757454,0.5609465338022736,-0.13680135989368827,0.9425110692407263,20.0
2025-04-03,0.09436596164484198,1.186732228525217,-0.03344276022786428,1.3378271940930595,17.0
2025-04-04,0.20383054085966884,0.6515737877021863,-0.1719898518201945,1.1906905826840692,21.0
2025-04-05,-0.6135515487107612,0.6360447363579449,-0.02394836113906615,0.617556265801467,17.0
2025-04-06,-0.6004529985085919,0.9716200386495397,0.4284020236070376,0.9918470195778875,25.0
2025-04-07,-0.3969601880908022,0.9996729181006302,-0.11415132900675123,0.9112588171282572,45.0
2025-04-08,-0.17053471017543093,0.7661594655197197,-0.2405444085426902,0.7755563102656607,22.0
2025-04-09,0.09979242368754189,1.104349800004989,-0.19853478117779957,0.9094203357638302,15.0
2025-04-10,-0.1598475758392721,0.6833578668050473,0.4414909082103844,1.036705362674263,9.0
2025-04-11,-0.1304773531106394,0.9608360883834817,-0.027292612446230706,0.9175148237532719,14.0
2025-04-12,0.10750738314538626,0.843756303520104,0.2608283650974848,1.296430735792554,8.0
2025-04-13,-0.11012862819140559,0.7931332994703519,-0.26463198922076153,0.8442640230528812,15.0
2025-04-14,1.0242347231269044,1.043169222771332,0.010840880282345422,1.241374232501841,5.0
2025-04-15,1.0656275834095297,1.2625607786691881,-0.21888446388856198,0.8268821476990807,8.0
2025-04-16,0.2177077008088523,0.9619468810279197,0.34410360888374786,1.0636534675691809,14.0
2025-04-17,-0.06577574794616345,0.7360093538927648,0.36380267733104416,1.1072505051898665,8.0
2025-04-18,0.42835525533039487,0.31144896121857085,0.6020058359795611,0.481173099711118,2.0
2025-04-19,0.43660130883926607,0.02952111546982386,0.2139800432132642,0.11356916554515833,2.0
2025-04-20,-0.0624369380418941,0.8031501081727449,0.10210156841138143,0.7238517647870661,10.0
2025-04-21,0.09348284784893557,0.8824362889477423,-0.3242133361223889,0.7064698347236048,7.0
2025-04-22,0.508246492297491,1.1401056774656222,-0.2178873792700114,0.8842762274181832,10.0
2025-04-23,-0.33151465457883855,0.5621306273468224,-0.25212890374194946,0.7291395650194125,7.0
2025-04-24,0.0002982093716429324,0.9696151964114298,-0.1603107477193509,1.2758277343257383,10.0
2025-04-25,-0.8069773318368353,1.0,-0.5002190310540439,1.7074165378737571,2.0
2025-04-27,-0.09622017327696634,1.0120502827069684,0.03280998566209192,0.8631426058895799,6.0
2025-04-28,-0.28831480824066325,0.5633022039079846,-0.2972757810472737,1.1982289006273115,2.0
2025-04-29,0.14766083858477247,0.9610087588258862,-0.09569448068447475,0.91997428469832,10.0
2025-04-30,-0.07664821981161277,0.7793284041120033,0.0776356377552407,0.668083293271485,25.0
2025-05-01,0.35659474362843435,1.0619933588246875,-0.15225226861489297,1.1098049469395153,10.0
2025-05-02,-0.10378436627369336,0.767533547878914,-0.2249132564079823,0.9221834922307068,12.0
2025-05-03,0.9637820735166848,1.3438185762894002,0.29955119706300914,1.272660452112357,8.0
2025-05-04,-0.5617656190835544,0.44704855469132143,-0.43875901723862,0.7763105411045585,8.0
2025-05-05,0.019951188907068765,1.1523158887015892,-0.05729230339023528,1.0707515202605127,9.0
2025-05-06,0.5483924259564918,0.6784126354934802,-0.1920274291544328,0.36977238096820836,4.0
2025-05-07,1.3566978132355891,1.1913509626083196,0.7470418765037592,1.2665491589927063,5.0
2025-05-08,0.2743649501200925,0.6817706521932371,-0.0732168870787827,0.49380424996891187,8.0
2025-05-09,0.27353198076098595,0.5410709948606239,-0.10658461498398353,0.9379374020539779,5.0
2025-05-10,-0.09396718936109395,0.7240315703690061,-0.0710203282684918,1.1912574970153653,8.0
2025-05-11,0.11248412556787124,0.9846652740145185,-0.13375331050022637,0.9307097324077434,8.0
2025-05-12,0.5105586139933358,0.9728218356485929,-0.1789927418253754,1.2566771914831716,17.0
2025-05-13,-0.025994439604679138,1.5791532663246852,0.3576705603374362,1.304180905262348,6.0
2025-05-14,0.20521862950945718,0.7249548653729909,-0.04701598661016493,1.492389938007963,15.0
2025-05-15,0.21641169647100691,0.6653033278759293,0.5143977288493454,1.1193947795288488,6.0
2025-05-16,0.09107437911235929,0.5247826336624349,0.19788491865046887,0.2920547066305305,5.0
2025-05-17,0.3368365921288971,0.35242950595367495,-0.5518934217184619,0.6432214127578524,3.0
2025-05-18,0.5089153437162628,1.8876586015037076,-0.3764817418434121,0.005249646581805417,2.0
2025-05-19,0.29066418967801455,0.5473960771612459,0.5495571083827543,1.0986763103450574,5.0
2025-05-20,0.09644009783161824,0.6718946583664759,-0.4955626570106931,0.9514152985240464,13.0
2025-05-21,-0.060009929395870146,0.9429234818876915,-0.20041480518067822,0.6846792429229116,23.0
2025-05-22,0.0557607542671563,0.9447940195438423,-0.0593066436604615,0.8213637836622195,37.0
2025-05-23,0.3565425323693482,0.8870067604772217,0.053709275639972485,0.6422560628481633,13.0
2025-05-24,0.05786909659184465,0.7709280360942429,-0.1480443644458139,0.9749062683199885,7.0
2025-05-25,0.3168195726804932,1.1529256397053995,0.16131323607792114,1.026540223808765,11.0
2025-05-26,-0.1991248774002845,1.1659911209973008,0.4344080579847825,0.8933379611938161,8.0
2025-05-27,-0.13382209634834025,0.9012034215770572,-0.24407911799672505,1.026600093497935,13.0
2025-05-28,-0.06336638975341724,0.5943314048804573,0.22325092651443307,0.996235082078108,5.0
2025-05-29,0.31418416203275235,1.0952988255129428,0.7014420204807749,0.9121286056954354,6.0
2025-05-30,-0.1676269509995711,0.7496122949348692,0.010436024926027293,0.848914315593694,22.0
2025-05-31,-0.18773933378567645,1.1143751267925084,0.19392153905526835,0.9254324078727877,32.0
2025-06-01,-0.2045655664287069,1.256724652576953,0.25571132712705114,1.2004229335691259,19.0
2025-06-02,-0.2866286162544689,0.8787257045511343,-0.004320337638455744,0.726659697167712,15.0
2025-06-03,0.2837891199878039,0.42223079697210564,-0.6401632109380423,1.2651709030038885,6.0
2025-06-04,0.03440581085851255,0.8459218192622485,-0.012807492672941392,0.8904192633087337,12.0
2025-06-05,0.3954247234798923,1.252719353298704,-0.2289881560829853,1.091675973523849,10.0
2025-06-06,0.11400226419426368,0.5313856925545297,-0.07707589042892059,1.0199681728410843,9.0
2025-06-07,-0.5051883703511533,0.3559992309291158,-0.27003273952961276,0.41757191202421184,3.0
2025-06-08,-0.0875263492219726,0.8382744967389779,0.1904141755498241,1.564129920348366,9.0
2025-06-09,0.18995686621545732,1.708208865493737,0.3815105684444383,1.0815370269678326,11.0
2025-06-10,-0.10824250509080906,0.47032206736805293,-0.32726580372462977,1.245865013852694,8.0
2025-06-11,-0.06609011307438559,0.7936550576346272,0.17511889472337933,0.9519761534498635,7.0
2025-06-12,0.16810974436466722,0.8719072930994516,-0.18329357088234596,0.9215907798660172,19.0
2025-06-13,-0.5783570073575562,0.8481673853235011,-0.3245850194794955,0.7172869053981646,15.0
2025-06-14,-0.21684216930081443,0.9764053098461192,-0.19011363656604807,1.338336286377509,17.0
2025-06-15,0.20783501810201216,0.9173730695909745,0.10299715977911605,0.9497472480322957,10.0
2025-06-16,0.16143095802235022,0.812071145057724,-0.36960061841492514,0.9137869406702004,13.0
2025-06-17,-0.09532776257542645,0.7106080579549789,0.22495443130861476,1.0465358668038607,8.0
2025-06-18,0.6921893733926131,1.072896918609117,-0.027134809220359834,0.9699088558347587,6.0
2025-06-19,-0.2538858914411259,1.0289163784605209,0.053451923491319255,0.904092795880226,16.0
2025-06-20,-0.06312293467277663,1.2431646621216543,0.1328473005751997,0.3539580805234969,10.0
2025-06-21,-0.38021134665323675,0.4622999569948543,0.4400625891857011,0.37765751808056164,2.0
2025-06-23,0.3113348174778871,0.5939728089931001,-0.3047091001286856,1.163766916707509,8.0
2025-06-24,-0.09331523917549153,0.8420875855139838,-0.28824870731618046,1.4260749419000693,5.0
2025-06-25,0.11770594815409088,0.5193381900592554,-0.6452720985113563,0.5040122243232253,5.0
2025-06-26,0.2962319077670619,0.777918435486939,-0.5019383661194555,0.979956182972545,15.0
2025-06-27,-0.2525391633161799,1.0177053198461328,-0.5495316307089467,0.7610482647684669,17.0
2025-06-28,-0.08431295405675306,0.4714529312985546,-0.6185483411005122,0.8206315178634102,10.0
2025-06-29,0.8801736165732753,1.1597318379951087,-0.012647225009192785,0.7622294982959716,9.0
2025-06-30,0.4788227783232965,1.0654692695417571,0.14521004571289267,0.7028244377479261,8.0
2025-07-01,-0.3360065102807643,1.074723594281971,0.39401324201837495,1.150467788340574,15.0
2025-07-02,0.19495312302036732,0.6624800808450346,-0.12730039864628337,0.8126811770207971,5.0
2025-07-03,0.553860664114689,1.2531804776568503,-0.1376868451750366,1.219324030173547,8.0
2025-07-04,-0.19452160994957207,0.8102562005595924,-0.3409327400615579,0.7525864283984761,20.0
2025-07-05,-0.19575317726927374,0.689144066451714,-0.3997951283951258,0.8383605554872764,40.0
2025-07-06,-0.2097449321115382,1.0474783858960184,-0.13712366920407457,0.7847031513007714,46.0
2025-07-07,-0.1583733952109604,1.0030353058153691,-0.023879773783182,0.866571307869573,76.0
2025-07-08,-0.002953326679538176,0.8028175860243237,-0.19799979287219602,0.8715383640656704,57.0
2025-07-09,0.07367101528102664,0.9580770632813037,-0.1438400408496904,1.036665596404252,63.0
2025-07-10,-0.08081092878127742,0.9712885908911273,0.10015440592516052,1.2659906028137684,45.0
2025-07-11,-0.15238413049081886,1.0494157103981379,-0.05240067482531114,0.8524711046735028,49.0
2025-07-12,0.07148849352256553,1.01651657835407,0.058994421132732865,0.7930994394543068,18.0
2025-07-13,0.1063678062925813,0.8089443595437177,0.00232112944316451,0.7655469512938787,24.0
2025-07-14,-0.23573429008161378,0.8628254437861873,0.014780393730399806,0.8126171069679666,32.0
2025-07-15,0.08478670766689544,0.8871315568022827,0.05560491779738717,0.6016025951473744,38.0
2025-07-16,-0.2539461908331373,0.8169242434782905,-0.03335909948916282,0.6512771859210429,23.0
2025-07-17,-0.17411086238053883,0.9389674869397137,0.16479189070185635,0.7326207699678864,27.0
2025-07-18,-0.13571633870393002,1.1720834893457959,0.024761039744118713,0.9241715505826265,30.0
2025-07-19,0.30197424872193185,0.8753864312125453,-0.013213402998224228,0.5657222186343811,10.0
2025-07-20,-0.1570513319972215,0.8621873904095919,-0.0052750006265546295,0.8010369005105307,12.0
2025-07-21,-0.29352977766392574,1.165372316714338,0.06496953580869243,0.986339810993038,15.0
2025-07-22,-0.0283567976725389,0.8824433781278705,-0.0637234001242139,0.6761705540089085,22.0
2025-07-23,0.09892323742382524,0.6549417228659087,-0.17135284108572343,0.7979721667882113,11.0
2025-07-24,-0.09567996880723807,0.6169116901938873,-0.2218886271682227,1.0266346850131125,16.0
2025-07-25,0.023189854405587133,0.6788962562645005,0.18054489931011974,0.6706418026666938,17.0
2025-07-26,0.5705781423297644,1.1284520386036259,0.3588130733458933,0.7648265501756779,8.0
2025-07-27,0.04323344093555254,1.203151790355821,-0.24751345790782306,0.41684826242701783,9.0
2025-07-28,-0.3520148561557739,0.751126426612408,-0.3102979102638805,0.8637754403797168,14.0
2025-07-29,-0.6298228671347548,0.5966794884302379,-0.17914828992659046,0.638898456254789,23.0
2025-07-30,-0.28562114683824663,0.9442713688762612,0.3496070421487424,0.9134941417266296,20.0
2025-07-31,-0.11925376216399128,0.8711154722690305,0.025684233098596774,0.6563863193414297,18.0
2025-08-01,-0.08717660082636582,1.0320962754796696,0.031188316727696015,0.9963231901225212,31.0
2025-08-02,0.5255380565335911,0.6828127005013722,-0.07366584078323804,0.4392338036229012,4.0
2025-08-03,0.2909185835960953,1.4692414497769413,-0.4304770716458744,0.6291045312618123,3.0
2025-08-04,0.17811052312160583,0.7448729091910269,0.18603074153932417,0.6481492253038362,13.0
2025-08-05,-0.44244017448903145,1.4471017950582417,0.43050392661998976,1.1560288927889042,19.0
2025-08-06,-0.11162242175930127,0.8825415675296604,-0.3529268898374892,0.7846022192419729,14.0
2025-08-07,0.5204267581661767,1.187849301207405,0.2026870680564334,0.4920408875098613,11.0
2025-08-08,-0.5398100271113652,0.7222415296106995,-0.283681000798313,0.5604700865559171,15.0
2025-08-09,-0.3550611428532383,0.3057248582435152,0.1325227334066495,0.8352462118041052,5.0
2025-08-10,0.5040132225247201,1.4429870168640129,0.5025033434986665,0.6709958132780925,10.0
2025-08-11,0.15200155570075136,0.8370571120977743,0.04010281199792736,0.9094538738526973,10.0
2025-08-12,0.01268936110515486,0.8311125377228866,-0.15343539235906778,0.44646047445732223,11.0
2025-08-13,0.0705030689917489,1.0597499828140933,-0.009830668490931936,1.1587107525251639,18.0
2025-08-14,-0.3989699776848742,0.7811313108616139,-0.277018358039378,0.9317482275805924,17.0
2025-08-15,-0.17621275143300924,0.6951258770491471,-0.24984331490457118,0.7518820111998782,20.0
2025-08-16,0.24827388149913057,0.6925036141264168,0.05115405094415928,0.931066787388394,11.0
2025-08-17,-0.18146306423925362,1.7083934444884026,0.451919761792203,0.7447437468923456,12.0
2025-08-18,-0.2857239907520128,0.6106445096799467,0.25098998559739993,1.1170642075856052,20.0
2025-08-19,0.08787753493129075,1.1885113605735442,0.2206980717234714,1.2224964049238238,22.0
2025-08-20,-0.10953569694748512,1.1515461278854757,0.023831493442589474,1.0203543856371968,19.0
2025-08-21,0.16223296891170833,0.8856522841451419,-0.012862324949561493,0.9522533997918602,16.0
2025-08-22,-0.16098006122475178,1.019602358018594,-0.02125641801845179,0.6866560567126783,8.0
2025-08-23,-0.15714285714285717,1.0,0.5714285714285714,1.0,1.0
2025-08-24,0.03539674832846619,0.5331480667015852,-0.0024036049965151297,0.7277401323316555,5.0
2025-08-25,0.1453529818064845,0.521223188034331,0.35436643486981945,0.7237018461753705,11.0
2025-08-26,0.135260413628632,1.2672422363655946,-0.05705355081056678,1.1880764046302335,14.0
2025-08-27,-0.1059798955809871,0.8997407710514628,-0.04670386989188595,0.7415521694380371,23.0
2025-08-28,0.22348442583770872,1.1773693255605622,-0.1679077156848222,0.8369029779577101,9.0
2025-08-29,-0.3038496891867165,1.1132292472846814,-0.14690508824997164,0.9655990251126061,21.0
2025-08-30,-0.5721046857350618,0.6789867672088004,0.1049523364369507,1.0047437811451152,5.0
2025-08-31,-0.2648743051261494,0.6747281676913741,0.3240821517684981,0.8183978601816585,15.0
2025-09-01,0.14351301234881755,1.1996767262926409,0.7154851216976349,0.8550052192067589,6.0
2025-09-02,-0.40936188915814514,0.825502554231228,-0.39555708427107183,0.8124240236728371,11.0
2025-09-03,-0.17981727828188304,0.7496121195432459,0.04401276316690754,1.1435208516541076,14.0
2025-09-04,0.1651765638115146,0.8914817368652707,0.0290003450558358,1.1204100213872799,19.0
2025-09-05,-0.025917258704686835,1.030217998760259,-0.23847049175653667,0.8695227140172911,18.0
2025-09-06,0.2770969524323048,1.3661864029879969,0.45796275825805083,1.4665103040660954,6.0
2025-09-07,-0.3269570060854026,1.3266724780985983,-0.017183747256560262,1.3605349110192033,7.0
2025-09-08,0.6099595849060697,1.2127519965687088,0.30969113188176,0.7645779090812186,11.0
2025-09-09,0.14536575759421028,0.6568181568210982,-0.48492604576402515,0.37475065060112395,4.0
2025-09-10,0.11689976793141425,0.9509869573897489,0.2556474907248781,0.8649503245795674,10.0
2025-09-11,-0.1933285973067822,1.108832651403002,-0.3027740584964801,0.9561529504911289,16.0
2025-09-12,-0.07093361728686635,1.0263581060604592,0.26277075211159184,1.0431462189447358,19.0
2025-09-13,-0.47475517664481276,1.2715913788380475,0.17305645236255052,0.44122782090698376,6.0
2025-09-14,-0.39680411755453593,1.0233770167074963,0.2120248903903928,1.137867371828932,5.0
2025-09-15,0.37465887433958794,1.0622641424389796,-0.17932490981485744,1.3376654712773577,27.0
2025-09-16,0.30717777146375524,0.7353406716896391,0.06509504191738245,0.7688874801422553,14.0
2025-09-17,0.0749766855230836,0.5815477044860518,0.02405615507622756,1.0009640664482753,13.0
2025-09-18,0.1131097937926087,1.0774505113200497,0.12871035187619617,0.9768841927609154,15.0
2025-09-19,-0.2560223484344152,0.9804221007880305,-0.4785138289375472,0.5917372732372314,6.0
2025-09-20,-0.19664416646231064,1.034040489208343,0.23462921980647855,1.2520640174827506,5.0
2025-09-21,0.12174903252032385,0.9384857154357729,0.10544086071210959,1.0895023184116346,8.0
2025-09-22,-0.2962213355447869,0.796815655124656,0.17991766315797222,1.069878515756429,11.0
2025-09-23,0.45177955470554243,1.1158945502859015,0.8157206077766189,0.9694003579339147,8.0
2025-09-24,0.1253690110372634,0.8587000290095118,-0.4522231231890771,1.2184278157758222,11.0
2025-09-25,0.3087227727594544,1.0513489568371897,0.134256982817165,1.118969980858718,13.0
2025-09-26,-0.36956605534606063,0.6416150458726517,-0.14509273190699304,0.5247932738738832,3.0
2025-09-27,-0.5443212777465395,0.557616300262848,-0.12834116073833887,1.0246122894902856,9.0
2025-09-28,-0.02996556743706156,0.7058576587713526,-0.20653212933078624,0.916885481896768,11.0
2025-09-29,-0.3498297981407464,0.6583623616457364,-0.17871422957619323,0.5501361395083065,6.0
2025-09-30,0.36056263444951714,0.4968882275079214,-0.2962586926514949,0.6449993671113724,12.0
2025-10-01,0.2782321276752859,0.749026211208583,0.8018077390399266,1.3451847547877749,9.0
2025-10-02,0.5012102562573949,0.5719250684548491,0.4644611826884432,1.0022887469618573,6.0
2025-10-03,-0.39332053053215893,1.2965448032599804,0.27152424746669396,0.7857106690940266,5.0
2025-10-04,-0.3200309169840905,0.8164841635423509,-0.13434360386284205,0.8890284232783632,5.0
2025-10-05,-0.4268146854302201,0.8255880759715013,-0.17930699272876677,0.9979818245608921,14.0
2025-10-06,-0.5919924338840705,1.091730380264895,-0.13418025839452682,0.7739214135018818,16.0
2025-10-07,0.11440221412705945,0.9201858439931986,0.10938117996288121,0.9604542164407601,10.0
2025-10-08,-0.012715052643652617,1.0277777942982007,0.06194269738856669,1.021898084355158,12.0
2025-10-09,-0.04664146501925934,0.45981036694329225,-0.31382049273132306,0.7557405911784312,8.0
2025-10-10,0.17892300528048255,0.803979260721745,0.4691248249793263,0.7007953927168051,16.0
2025-10-11,-0.19594476829054053,0.6108027282638491,-0.07887605512552036,0.9875729852138889,11.0
2025-10-12,0.17382881328235789,0.8334905940982944,0.08185063690600014,1.0458975370491777,21.0
2025-10-13,0.3112789684574759,1.0505104866709691,0.3047018692327012,0.9277387950665106,36.0
2025-10-14,-0.12367504067951879,0.7431370394389376,-0.32352272825276435,0.9404457017523676,23.0
2025-10-15,-0.5278120759170152,0.49660103129434696,-0.3671169699259355,1.0945610348724575,9.0
2025-10-16,0.4283376430133957,0.905951815537651,0.32306377421945937,0.7320073996403796,11.0
2025-10-17,-0.165059970088683,0.7595307995522865,-0.2041864076088266,0.5684105411749784,10.0
2025-10-18,0.0662813514256633,0.35232788589749164,-0.3809705383782964,0.5002049223736548,2.0
2025-10-19,-0.011574129542748265,0.6501510208767838,-0.29727360399919656,0.4998028650543124,4.0
2025-10-20,-0.3936219043421757,0.8771579705778325,0.14669621191341256,0.7875124899483664,15.0
2025-10-21,0.3466563975595919,0.6478628651358813,0.34955803089603654,1.2050972802461593,10.0
2025-10-22,-0.1774642346565813,0.7594993295545562,-0.24208675318895576,1.0086588320239762,8.0
2025-10-23,-0.3044408067156193,1.1092090105635064,0.015058406896750264,0.8468344636971132,10.0
2025-10-24,-0.08472209068513405,0.8070750146420459,0.3652896065759053,1.0137256269126524,10.0
2025-10-25,0.27373091903902835,0.5099645075367252,-0.018554650909834415,0.9575220283565145,10.0
2025-10-26,0.07587786710665576,0.4093935619688878,0.26188243371845454,0.7291830340571799,15.0
2025-10-27,0.1185630817248444,1.0238217138177539,0.23507760829781002,0.9968466717348873,18.0
2025-10-28,-0.08140612897414828,0.9374007213331087,0.13806914763299372,1.07085504080934,23.0
2025-10-29,-0.008242831142408081,0.8602807124416063,0.06027936903653525,1.1262224928865026,23.0
2025-10-30,0.07676842731840629,0.7469769425448375,-0.1693155864916581,0.9588794829633644,16.0
2025-10-31,-0.4076928457890951,0.5905509917275374,0.027639280514225276,1.006204267119244,9.0
2025-11-01,-0.05499825937627113,0.8251933480576558,0.2352267675023081,0.6787128334841872,8.0
2025-11-02,-0.11929835280439383,0.47483146975521684,-0.3282875737917989,1.3070176418315071,8.0
2025-11-03,-0.07763997453507243,0.6759386402695327,-0.2101567401387974,0.6433198919185774,16.0
2025-11-04,0.07683420721902477,0.6517679125143634,-0.02479479312131386,0.7893099530026866,25.0
2025-11-05,-0.06333487960847559,0.7392099223521705,0.15250103103624194,0.7212259764500661,14.0
2025-11-06,-0.2912737799489442,0.5679181260188912,-0.3096270482406289,0.6797273480174145,18.0
2025-11-07,-0.01160341952390122,0.7193906536526353,0.05596895446971711,0.7878878174735767,29.0
2025-11-08,0.04162841359808632,0.8062485995098021,0.2675994244070432,0.6185758268852309,14.0
2025-11-09,0.5408256457028042,0.9563188247557115,0.3205198150292949,0.460880702499393,28.0
2025-11-10,0.04652586882767229,0.8573225061052359,-0.016348676784712985,0.8324156055490104,20.0
2025-11-11,-0.2026572066197886,0.649167034738689,-0.37985669324626004,1.170768612341588,11.0
2025-11-12,0.3209489805236351,0.8627562751988533,0.23032786133711902,0.9205046650045509,12.0
2025-11-13,0.3581451926597875,0.920889239728701,0.7398231546850373,0.9920409479972586,10.0
2025-11-14,0.16069878568072107,0.9296029885875502,0.7137344290970029,1.1694092078449878,8.0
2025-11-15,-0.21380629632030143,1.3017043384480833,0.43038934207463087,1.2489485008669623,25.0
2025-11-16,0.21825156750207006,1.109333186484251,0.4771831103880547,1.3305320583822504,10.0
2025-11-17,0.26632785918760626,0.8675936751311273,-0.036465472567409576,0.4572703994480338,11.0
2025-11-18,-0.5011475515751411,0.6060743698600377,0.05131796647823133,0.3070830596373055,4.0
2025-11-19,-0.9246272133716298,0.3926080540776676,-0.6358004076158671,0.4092158445762762,5.0
2025-11-20,0.09339864641056118,0.9897290608734888,0.43411906077823437,0.9506212038646722,12.0
2025-11-21,-0.1511290827140343,0.6735814389366819,0.14275423567696072,1.06543792220427,8.0
2025-11-22,-0.3374324095788215,0.8317434171787914,-0.3948506263740804,0.8912829240436905,8.0
2025-11-23,-0.33077063957810016,0.43965179967759666,-0.27954144879233156,1.508111052842342,4.0
2025-11-24,0.21418970609243848,0.8232724204963543,-0.4356407376026318,1.341996838749671,10.0
2025-11-25,0.2679835489889893,1.0050416032912084,0.1796402869692692,0.883656085339108,14.0
2025-11-26,-0.1923218894615713,0.7363834706100493,-0.30018553825096644,0.8987183077214661,13.0
2025-11-27,-0.31416307955719375,1.3761190682040645,0.2540836607990867,1.0439544433732413,13.0
2025-11-28,0.3182122363253538,1.1089509970094509,0.0996259802771143,0.6822929435611871,16.0
2025-11-29,0.16434104733962152,0.7374802248751727,-0.1787173358183269,0.9159285240553597,13.0
2025-11-30,-0.5376870128772527,1.3404749936145124,0.05954772361585841,1.1775243553825645,9.0
2025-12-01,-0.07652791098114767,1.2487639048805437,0.09526696434588483,0.7919023297540053,35.0
2025-12-02,-0.3204024178642629,0.8360083248857605,0.026880327409771178,1.098222757974394,25.0
2025-12-03,-0.01897539461943277,1.022065726497122,-0.13525278217111897,0.46748607332902925,13.0
2025-12-04,0.17527307807341297,0.894971818266934,-0.20627995594913787,0.9494181608453138,24.0
2025-12-05,0.08668168823820427,0.7563563019015275,-0.0783907736710405,0.6377769898745625,8.0
2025-12-06,0.6231534801475783,0.632253922570087,0.38964741364882494,0.7208214074295022,5.0
2025-12-07,-0.20295438759617565,0.9079571333501576,0.20357872876359853,0.7706399018250935,6.0
2025-12-08,0.038066089104247455,0.5714442835259347,-0.6965768169242439,1.0554362715809023,8.0
2025-12-09,0.15700923407681106,1.0747021020267558,0.40176553001013043,1.0702060703187706,15.0
2025-12-10,0.16608790885825334,1.2155381943353176,-0.2873912445361833,1.2162659439516579,21.0
2025-12-11,0.15228700301958092,0.8033407152476381,-0.25694283372398524,1.014606705895197,37.0
2025-12-12,-0.03945786843650215,1.1074325184491085,-0.15735963670503592,0.9611090708298797,32.0
2025-12-13,0.0791384968567886,0.8244501170962996,0.2626204192377543,1.4019960178725197,16.0
2025-12-14,0.3391687736033709,0.7682432176325582,1.1220642603009048,0.8818111101414979,5.0
2025-12-15,-0.21076860721578686,0.6784323318398364,-0.3338024521875264,0.7268819346744138,24.0
2025-12-16,-0.014699276410222475,0.9367282660785344,-0.08943044067812943,0.754484019435583,10.0
2025-12-17,-0.15524628430734194,0.654739577031884,0.1288815969551987,0.9949005151394733,13.0
2025-12-18,-0.1856311296935077,1.205137221776229,-0.5300046129176196,0.9724204065954157,8.0
2025-12-19,-0.14742836877705387,0.701149174330026,0.3262309738603813,0.9789948538271392,15.0
2025-12-20,-0.13099154855887907,0.547756515741014,-0.36664199462359903,1.0187980885354018,4.0
2025-12-21,0.017919236858761844,0.8785713669013784,-0.6742403053261478,0.7220099957848759,3.0
2025-12-22,-0.0940765787921361,0.829583910554938,0.531511186767306,0.9473305519117116,14.0
2025-12-23,-0.14721606650933908,1.0115403116269388,0.13305118156064366,0.8172935034027141,10.0
2025-12-24,0.35249187918156466,0.8058018348687946,0.15584966752967,1.180887584478505,27.0
2025-12-25,0.2331962784325391,0.7115596928149143,-0.017863955857818397,0.9630090698837042,17.0
2025-12-26,0.43221691423500697,0.6373803575665018,0.1318609083769453,1.0138930360948797,19.0
2025-12-27,0.1090833650363854,1.0218672582030142,-0.5602873693672106,0.6191534859462313,6.0
2025-12-28,0.3193202244694015,0.5205632663800317,0.5178722664465705,0.5701595718065747,6.0
2025-12-29,0.05813061424541401,0.4218324103662887,0.38369792483103626,0.8932952284949486,14.0
2025-12-30,0.17894744609691665,0.43832145741809403,0.01989672840641834,0.9815931812363524,5.0
2025-12-31,0.1274591728393568,0.6565700781303363,-0.15521083346942424,0.5706630578704549,8.0
2026-01-01,0.20421724838219615,0.8218693814013417,0.11538002376639063,1.0429489986418052,10.0
2026-01-02,-0.07953130343618069,0.906186355635314,0.3923817446561646,0.8716465677888003,16.0
2026-01-03,-0.34501043867213127,1.1738175230052221,-0.13204652556422675,1.1324466323684208,9.0
2026-01-04,1.167857293006867,0.6413508642907763,1.1304056029223186,0.4808306718032507,2.0
2026-01-05,0.2786675456679252,0.6817306457619893,0.038183052000874795,0.58783697201983,3.0
2026-01-06,-0.3734899931951439,0.925497534673968,-0.44813757577989344,0.6249382090366145,11.0
2026-01-07,0.23821845530428676,0.44991148900792227,-0.1667693757600119,0.9951476427029617,6.0
2026-01-08,0.7693947020793217,1.325794686614271,0.28209574305947177,1.3941987891563774,7.0
2026-01-09,0.26740083618602356,0.8641198654769788,-0.06865409978588309,0.9086163426573997,9.0
2026-01-10,0.8755805645697752,0.4456973756755117,0.5810564396468794,1.1562514710721767,4.0
2026-01-11,-0.3841194159790131,1.2515879884484342,0.5886615620940375,1.4285510737089417,3.0
2026-01-12,-0.0052459028687331,0.6636679597267718,0.12868818936766602,1.0305329745174556,12.0
2026-01-13,-0.9080320185589584,0.9411279157688802,0.2003308723007362,0.8644348940071936,6.0
2026-01-14,0.3063800289843883,0.6947062717817237,-0.15952867203541962,0.8426460775887706,9.0
2026-01-15,0.9049234876602027,1.1033340070495914,0.4766830148897462,0.8712294980358914,8.0
2026-01-16,0.23609818527712703,0.9380117549644021,0.12310178916043742,0.9030957810975146,12.0
2026-01-17,-0.024785239496380056,0.8316764764051776,-0.6704080985973879,1.0308556778746532,7.0
2026-01-18,-0.31178238970007255,0.9176618940736503,-0.2694319790974656,1.128720760662862,10.0
2026-01-19,0.569390998709758,1.3101474914762377,-0.15674034777429455,0.6047773277290942,15.0
2026-01-20,-1.1130971550294777,0.4065065186595585,0.2592263388229627,1.071179318383382,6.0
2026-01-21,0.08460843219689002,0.7079063215493435,-0.31217465990927495,0.7207226062237108,5.0
2026-01-22,0.08415361229844277,0.5312054278999252,-0.2260179511985575,0.8003650969623327,12.0
2026-01-23,-0.05039834066437941,0.622437117392015,-0.43490079420106476,1.5821408182311536,10.0
2026-01-24,0.26104851885193797,0.37277502003001056,-0.26885416813346596,0.11347301969411422,5.0
2026-01-25,-0.37540096506387793,1.053585914636196,-0.05579352018293134,0.9184611105638194,7.0
2026-01-26,-0.2094341745971038,1.0520990090113627,0.19117662816506437,0.8703432130765107,7.0
2026-01-27,0.27305389669051416,1.1865623837045751,0.06452449615020958,0.9230561839348072,19.0
2026-01-28,-0.0935974781177957,0.9182872843787652,0.14909764502344267,1.1157341179721447,23.0
2026-01-29,0.021100887894688558,1.202299248662642,0.009978343008335088,0.9899728300017225,20.0
2026-01-30,0.2331014747547221,0.6994063579695942,0.2622680046845186,0.7628941745284656,25.0
2026-01-31,-0.0011834474378163385,0.6443834137754145,0.16479674357018745,1.093764414440837,13.0
2026-02-01,-0.25377812963354285,0.43238020672128585,-1.014097732394032,0.7356413134292226,4.0
2026-02-02,0.13060453391465648,0.6775147989050447,-0.12447473519259122,0.5940536077532396,7.0
2026-02-03,0.06843110426331729,0.9040071271432198,-0.3112295711967004,0.7492485287621183,14.0
2026-02-04,0.24394314366850794,0.7573050174294188,0.19972222755061964,0.5700836873015311,16.0
2026-02-05,0.1989386767490389,0.4350705393932957,-0.4228926883393278,0.9722768251941553,10.0
2026-02-06,-0.1607185612217863,0.8405670368031765,-0.2459304552536119,0.7436461821662735,16.0
2026-02-07,-0.11799178558773392,0.8739861081347472,-0.177897843794173,0.8274160860557616,8.0
2026-02-08,0.19841357407916865,1.041013930261759,-0.061437155312618605,0.6175891741647219,8.0
2026-02-09,-0.3505923359763689,0.6366955937544951,-0.34011181483379027,0.8590930797524116,9.0
2026-02-10,0.009258657584546623,0.43304909562134447,0.7369491269434203,0.9765761552107629,6.0
2026-02-11,0.22864727986811445,0.7774425582488791,-0.29250700774912813,1.0530397302738312,7.0
2026-02-12,0.3736217560471153,1.0050480698695428,0.24178524972315713,1.1813021289356984,13.0
2026-02-13,0.04698800549042194,1.1509345411304122,0.032456331446828655,0.9742955248439205,13.0
2026-02-14,-0.04897847738811178,0.2560885033862507,0.13283850794671218,0.4303272185591254,6.0
2026-02-15,0.7470354234912037,0.6449174400139757,0.8070456969491799,0.3643338907617956,4.0
2026-02-16,0.053004626657294954,0.9560066966649223,0.6194297351112289,0.7023625163141355,10.0
2026-02-17,0.2662261380054082,0.9247831975968148,0.17788174039494503,0.598460219291892,16.0
2026-02-18,0.061065199248462536,0.7125804104025497,-0.35743497421274656,0.9436801098750743,15.0
2026-02-19,0.39243532595787733,0.7916200713723561,-0.08380884845363469,0.5113386846059241,10.0
2026-02-20,0.07258786041793593,0.6764672251590517,0.19994478850478817,1.2734505645231915,13.0
2026-02-21,0.7820399337661537,0.5153967451722179,-0.17432405992730177,0.4339695237566562,4.0
2026-02-22,-0.08339850501680983,0.6039406364324034,-0.19579241030326378,1.0788914178818947,12.0
2026-02-23,0.19768360827410306,0.8066046619309165,0.5137050242077863,0.925260467393055,4.0
2026-02-24,0.1213561196925466,0.6013479672721361,-0.3021974723537028,0.6584241790494124,16.0
2026-02-25,-0.14443691150652485,1.1369227293146993,-0.2072648011861963,0.8398150415853493,15.0
2026-02-26,-0.08586740820213229,0.6291790267314744,0.2530223805990786,1.133978219256499,13.0
2026-02-27,0.07007498433860226,1.0901333771708186,0.4822202419118883,1.1249788251164126,13.0
2026-02-28,0.49538824019755495,0.4434356410287629,0.5499835272459014,0.7391572059122833,3.0
2026-03-01,1.1537677306088991,1.012337566160768,-0.7724118996446456,0.12320281519213876,2.0
2026-03-02,0.1376138717836105,0.5919096755191046,-0.5905559083135815,0.46871750387411915,8.0
2026-03-03,0.054477137348331935,0.12761987256509455,-0.820715683433361,1.4742058445726038,3.0
2026-03-04,0.17267431187652588,0.7057431856487374,0.2510415916308384,0.9085312745404807,4.0
2026-03-05,-0.6866808813165441,0.8902803974840144,0.03217284222815705,0.5055628862519993,3.0
2026-03-06,0.12379602740018719,0.8249259790827446,0.12053275971285321,1.1704590634961742,2.0
2026-03-07,-0.5617365255269902,0.790222039634625,0.2319942587924958,1.8824948352187254,5.0
2026-03-08,0.4533699272151555,1.0,-0.8647552409654902,1.0,1.0
2026-03-09,-0.37911634408447603,0.9586251525185906,0.3541152503752858,0.9247678699008512,11.0
2026-03-10,-0.29723805607208614,0.4359164463023556,-0.4112122950794753,0.5882555535190399,7.0
2026-03-11,-0.534675289036671,0.5688220015017393,-0.05057965743784273,1.1859668210500371,5.0
2026-03-12,0.07888261793159408,0.8051910436206233,-0.41537873482010673,0.8137758166251081,14.0
2026-03-13,0.38086739247035556,1.3388707635592996,0.06485082856068743,1.2387705822237949,14.0
2026-03-14,0.08017057649664654,1.0633089639319848,-0.21428246789411062,0.7437936200336046,3.0
2026-03-15,-0.19357573536338632,0.5967814995540466,0.7389852695692067,0.5021553367552148,5.0
2026-03-16,0.04509903143965985,0.7639592511205058,-0.36789619675886187,0.9192338174742145,8.0
2026-03-17,-0.2637246983224848,1.2980540110010375,0.7180763146423578,1.2202037072540752,10.0
2026-03-18,0.14081607599809884,0.9748801767366831,0.1795601440615954,0.7613487357587845,3.0
2026-03-19,-0.17917410780643728,1.3877515820882518,-0.10622555278105443,0.37570204163815374,3.0
2026-03-20,0.21629010297590792,0.8955993672537739,-0.05499826631058795,0.9674871639630594,16.0
2026-03-21,-0.6915996956074353,1.1185042231026776,0.9225919131442862,0.7558420449452973,22.0
2026-03-22,-0.8364534877712739,1.172163421339295,0.23205976253343236,1.0427770774551763,14.0
2026-03-23,-0.7696545623254517,1.333099206676133,0.3368197992004875,0.9609639926835416,20.0
2026-03-24,0.15964160756747553,1.254769741374341,0.2917493168134947,0.8045555685799094,7.0
2026-03-25,-0.589017482823168,1.449315417600332,0.5544810367072418,0.9756248146454536,9.0
2026-03-26,-0.5577174775822392,1.7725102680150229,-0.28510334709717444,1.1836986817208326,4.0
2026-03-27,-0.9938384149155567,2.656371425388754,0.47933364558869834,1.4594179130319422,6.0
2026-03-29,0.4686199144381314,0.5746530764171841,0.35234441449256454,0.6073815537913992,3.0
2026-03-30,-0.4370844587193317,0.8060087399047777,-0.25687681445674226,0.7186357495351982,9.0
2026-03-31,0.04574194766120567,0.5759252323026018,-1.1731572620337996,0.6824059822011765,3.0
2026-04-01,0.8972568519839627,0.9037130364102446,0.38270755179371585,1.6976617013305082,4.0
2026-04-02,0.3115235134013482,0.5340180640187838,-0.47552561536877425,1.0273254809454226,5.0
2026-04-03,0.3297590623285044,0.9426153666200857,0.5334854311040176,1.0026275934565387,3.0
2026-04-04,0.35232678412065094,0.8411795828522841,0.3089709887024682,0.6259561594969361,5.0
2026-04-06,-0.31248600040000907,0.4322755142570864,0.052626369025654186,1.0154740251488727,5.0
2026-04-07,0.7922527373121238,1.3615492536750962,0.1897479430796077,0.5247346599924357,3.0
2026-04-08,-0.24700422951352763,0.9335240876586579,0.4354784255699866,0.6488570549688194,6.0
2026-04-09,-0.1611934990148415,0.3627328953932591,-0.2904538670967584,1.0450964381200463,10.0
2026-04-10,0.1648676094599012,1.2709634216100965,-0.38571589563003,0.7151379861353868,6.0
2026-04-11,0.14581097471404147,0.3955652469892156,0.046739137486802425,0.8469309147321499,3.0
2026-04-12,0.3162662229682512,0.9698292336187256,0.6856448125280024,0.6150833132918201,7.0
2026-04-13,0.09280495271056298,0.49178287187545755,-0.12560040683300155,0.45284061695204497,4.0
2026-04-14,0.1916955216254782,1.265912731168779,0.3074060712844148,1.0945259138031662,11.0
2026-04-15,0.10811767338204191,0.7119833309059723,-0.049844716075735436,0.7899980580773114,14.0
2026-04-16,0.29047922326561276,0.9717581044943411,0.18968359592559803,0.6805413059502099,16.0
2026-04-17,0.12945990025213971,0.921514323052193,0.06248600283607768,0.9596298704659165,21.0
2026-04-18,0.37612389471421276,0.8802535847321574,-0.7422672436010117,1.6857192536366257,3.0
2026-04-19,1.026583479150979,0.3630864937300846,-0.48009093023501964,0.3008367694678599,3.0
2026-04-20,0.40015939703379566,0.9514896197523887,0.5453372248300967,0.726544673101565,7.0
2026-04-21,0.36289117633420315,0.6109850041105311,0.19532225219606306,0.6509867438563318,9.0
2026-04-22,0.16925722970199508,0.7424497323624915,-0.039724310645827494,0.6027692125212579,13.0
2026-04-23,0.7912015927411862,0.6672398819338792,0.41565926354990745,0.892544349281051,5.0
2026-04-24,0.12163916257956031,1.9426592803418503,0.16466259339037267,1.0935233460033504,5.0
2026-04-25,0.4313750049867538,0.20123374332017593,-0.6828949922553471,0.3477527088381761,2.0
2026-04-26,0.12947159957628146,0.5814576844247242,0.010543241537242148,0.9609549833487165,4.0
2026-04-27,0.7594487052356358,0.8196441636825739,-0.08286705802314409,1.452279914123793,5.0
2026-04-28,0.11962774608911729,1.0168300602041693,0.1918640739949092,1.0176052100748265,12.0
2026-04-29,0.09803129044735348,1.065997865474727,0.02105182268197966,0.8807410976217338,11.0
2026-04-30,0.018570903254522514,1.0212091439654547,-0.11133695750113798,1.0933610410952275,12.0
2026-05-01,-0.48075425632242846,0.8551599723011483,-0.35725817331945164,1.0253956324592817,5.0
2026-05-02,-0.37885282247085966,0.37077017303862675,-0.2784862554161699,1.5656182754903893,3.0
2026-05-03,0.16082973403403727,0.603828770699086,-0.02468502889254635,1.0707275206543154,6.0
2026-05-04,-0.8309134541019931,0.9418788522179327,0.32810216012452853,0.6971028445536752,5.0
2026-05-05,0.08417156190946919,0.6573550048420792,-0.6649143504375338,0.9370855126959596,10.0
2026-05-06,0.7577643260406133,0.7594453820943134,0.1535518159123432,0.8934021276184074,5.0
2026-05-07,0.49342630589206554,0.3861539116587981,-0.15686075193142418,0.6925486624004022,9.0
2026-05-08,-0.17654129107777558,1.0206211012342503,0.17045005486768736,1.3837844871031626,8.0
2026-05-09,0.5328575353856512,0.7435893607039104,0.3582412742570887,0.8937136399779447,6.0
2026-05-10,0.36605213020630567,0.7394323541231406,-0.8921752216513362,0.8815046839595291,8.0
2026-05-11,-0.22196383118982324,0.610013091677481,0.6167640872580467,1.1333029232208756,7.0
2026-05-12,0.32322191671081363,1.0014108288866752,0.15551741053063656,0.7839615601170608,8.0
2026-05-13,-0.13977257171368682,1.1307095040192785,-0.3533448774423333,0.2590850457838759,4.0
2026-05-14,0.35473290525786266,0.7044072303062925,-0.3695157453327391,0.4240982057034346,9.0
2026-05-15,0.38698748728992993,0.6097786656889219,-0.03121789500724541,0.6390187724254167,6.0
2026-05-17,-1.5895404295090307,1.9468284275217032,0.7615715895781208,1.2676674217754262,7.0
2026-05-18,0.377344160884657,0.788189590638743,0.40608218828056114,0.39173882672330984,7.0
2026-05-19,0.5059448109565577,0.6901409036865213,-0.2416797981105811,0.8906285182637571,9.0
2026-05-20,-0.1857601781277072,1.5330664416544177,0.3628639347642147,0.5960394953771168,12.0
2026-05-21,0.0934044173970368,0.8742070789346424,-0.01880376068163967,1.0545668392534038,22.0
2026-05-22,-0.1364644032815867,0.9446994368989156,-0.06221435937184368,0.7604756109588774,8.0
2026-05-23,-0.03566160992560801,0.6744035893645628,-0.5415888410845261,1.102222835305541,6.0
2026-05-24,-0.4595147263861735,1.0,0.5089266619473951,1.0,1.0
2026-05-25,-0.5224301159641109,0.5891890195360688,-0.9540031579568025,0.7897869783780486,7.0
2026-05-26,-0.0452006630662676,0.8315806420967029,0.24614545208068841,0.7115235634292324,14.0
2026-05-27,0.42164425779415515,0.6861676086575408,0.28006430137830224,0.8520840734099437,8.0
2026-05-28,-0.39141419539837674,0.9353476474962417,-0.2895793563592805,0.6932607253322435,9.0
2026-05-29,0.24475429742889962,0.7201312658648459,-0.049950444300822835,1.0652940463133909,7.0
2026-05-31,0.42010930810499925,0.35031492401803027,-0.5433250369380287,1.5061094288478964,5.0
2026-06-01,0.11912104005446925,0.8064326646186087,0.12861619118507278,1.1650629083175246,8.0
2026-06-02,0.16576449815376462,1.0587218694624199,0.3709480399707399,1.5220681319753349,6.0
2026-06-03,0.18675254987898735,0.7803095412582418,0.11544326582240985,0.5552211085286156,7.0
2026-06-04,0.10805588292401716,1.0159131261140224,0.04019279738895476,0.9501581813669033,8.0
2026-06-05,-0.011282674359322054,0.9527969915236508,0.017206896049896305,0.8644218141942152,11.0
2026-06-06,-0.31486937710004603,0.6605997770893008,0.1615721104184473,1.0574028967897875,5.0
2026-06-08,0.44967810626350624,0.9038984444386035,-0.12148057310324643,0.9110176419242959,11.0
2026-06-09,0.2618225491620055,0.9836517761094787,0.08848649652896054,1.238784169745005,11.0
2026-06-10,-0.13392462886859374,1.2393299023328475,0.47162050237223746,1.600321226356337,19.0
2026-06-11,0.33090856695348025,0.8761221570029176,-0.2111069406919809,1.1203085843583351,7.0
2026-06-12,0.08634992891812343,0.5711924098444164,0.13890032298985827,0.9885309103921226,14.0
2026-06-13,-0.23566967652347764,0.5480265053401827,0.9292871123555525,1.1685485057781986,7.0
2026-06-14,0.575543353159418,1.0,-0.5105186561551075,1.0,1.0
2026-06-15,0.23459803232950216,1.3129845024729514,0.40977708830626297,0.8553579646656831,9.0
2026-06-16,0.5355860845805699,0.9581888126379554,0.17156559990092946,0.8888597324773707,16.0
2026-06-17,0.0840063565235045,1.0072043306743206,0.4970834270263311,0.7378533302884374,17.0
2026-06-18,0.2749490165215622,1.501622237316002,0.18105347587682294,1.1432046577814927,15.0
2026-06-19,0.3054878768322801,0.4856079773214793,-0.33753479122049274,0.9523646487964808,10.0
2026-06-20,0.6692534340037796,0.757339209841178,0.7114642090860968,1.3135438448958934,6.0
2026-06-21,0.9296220411557596,0.6648365368211,0.14419135396555613,0.583674500651522,4.0
2026-06-22,-0.12653284239406604,1.072606993204583,0.5275953706913823,0.7935874138360364,15.0
2026-06-23,0.1617649332788105,0.5084604388231948,0.20591710618627979,0.7373519225312044,13.0
2026-06-24,0.21140275669159525,0.7862694093110932,0.018598058538548734,1.1354558052402204,13.0
2026-06-25,0.5426395685657996,0.8417922348403717,-0.47950676749915633,0.6726358993445078,7.0
2026-06-26,0.04969887374556503,1.2751119346817832,-0.18587560875331302,1.1925150493223835,8.0
2026-06-27,-0.6225405472991402,1.455907444343039,-0.27145062329858793,2.501291204242185,2.0
2026-06-28,-0.4716749757909955,1.0021124718734151,-0.553561376407119,0.4922780467231396,8.0
2026-06-29,0.0620934153566309,1.0463409561343733,0.12546898809936943,0.9247772420880452,9.0
2026-06-30,-0.1776141930688814,0.5868543248009178,-0.34858397731121016,1.104257702147481,16.0
2026-07-01,-0.23844391357981257,0.8220360379454035,-0.17871620645976005,1.0668463501911882,17.0
2026-07-02,-0.13035981782504905,1.1012796447041067,0.4651469845024371,0.9907363172653768,20.0
2026-07-03,-0.23009548863153864,1.829464536793797,0.6082755144130687,1.0842022464611774,15.0
2026-07-04,-0.14199824567452332,0.22138459727920098,0.015510496580788097,0.6910189895053305,4.0
2026-07-05,0.221220840330344,0.9689223051333785,0.44908943820548863,1.0163557476930378,11.0
2026-07-06,0.13644946990223594,1.107675910211727,0.03455926764009109,0.9976970589900199,28.0
2026-07-07,0.23767710985670437,0.7616643004490405,0.08973233637154612,1.021596768693485,18.0
2026-07-08,-0.0456239169120342,0.45604092777156907,-0.5744562882633062,1.3059825979549877,8.0
2026-07-09,0.21826329620504795,0.5736761349725806,-0.584774385412823,1.3608318684267502,18.0
2026-07-10,-0.3036928292147922,0.6927424343710681,-0.2737991925407283,1.0405340582972122,21.0
2026-07-11,0.022564940147493773,0.938027939996719,0.06997147281437135,1.2312490242514442,15.0
2026-07-12,0.10862346637868545,0.9251204772514597,-0.3156800258393424,0.828769387412168,18.0
2026-07-13,-0.3938027729139888,0.8954709857168439,0.05568936039699927,0.9537099432803217,20.0
2026-07-14,0.28712782336817033,0.9582367270639618,0.07734772094375209,0.8987620923626934,14.0
2026-07-15,0.14236727207536118,0.5501010520870668,0.1608019064720347,0.8389055982313065,12.0
2026-07-16,-0.20749769756544292,1.1472883143850165,-0.0715024646802401,1.1768452508272,21.0
2026-07-17,-0.1501362125350874,0.8706944298331005,0.037907929718502244,0.9833998874942943,18.0
2026-07-18,-0.7080110914227646,0.8652233781581116,1.0581828928385975,1.0161408516746233,7.0
2026-07-19,0.15452463102929895,1.39846558644524,0.25324553594943705,0.35306175199352496,6.0
2026-07-20,0.04857758892473548,0.8432221313321981,-0.14065611385140409,0.8065586230920246,14.0
2026-07-21,-0.06305531194504493,0.9590201360133662,0.1105844676173468,0.7321293688995,26.0
2026-07-22,-0.07627250027281418,0.8990470509039679,0.38617142614712935,0.7425752209345611,12.0
2026-07-23,-0.02080541513759975,1.1283708538661368,0.4283343008841523,1.1411071143113727,12.0
2026-07-24,-0.41662096395245,0.832020417129513,-0.8175005181511313,0.4708191369465091,7.0
2026-07-25,0.2564113761656546,0.390993178443338,-0.4977632699462662,2.292098573244268,2.0
2026-07-26,1.286255181888158,1.4189695216625264,0.23498718954263043,2.107849511940957,4.0
2026-07-27,-0.15048358884276342,1.616855959328442,0.5606988740538827,1.2439656460463433,14.0
2026-07-28,0.37527013123060454,0.6119579967440195,0.3033645463396754,1.0867603497487492,13.0
2026-07-29,0.002785865541745547,1.11151646044746,-0.03741129313422351,0.8703834017563684,10.0
2026-07-30,0.11746573205349566,0.7985530131906096,0.08656042804727587,0.8600616599850678,6.0
2026-07-31,0.24106031328233954,0.6113607269252361,-0.15421048815044905,1.2393537130735126,6.0
2026-08-01,-0.6069552667101213,0.20151133704337618,-0.803494382505806,0.6211645644671936,3.0
2026-08-02,-0.4988675595116917,1.3857667322748608,-0.45159203680722415,0.1153561432741806,5.0
2026-08-03,0.12054450041703808,1.0867056016528356,0.4541092539163837,0.4829925069983518,9.0
2026-08-04,-0.18410133974329235,1.4222316903584695,-0.43799431605432576,1.0139934886541693,9.0
2026-08-05,1.2173815055775359,0.10679014789754734,-0.06121475621185532,0.4961607954066219,2.0
2026-08-06,0.16773650115887134,0.9106237532547586,0.1827511139461539,1.5139300241557676,8.0
2026-08-07,0.4724079463788946,0.36790083172754257,0.35194897755999527,1.058123256338574,6.0
2026-08-08,0.11064258228586116,0.6269015897798113,-0.03254593106731348,0.7976274107019783,3.0
2026-08-09,0.8519625748016793,1.030992193150095,1.0915045785673656,0.6100815021751924,5.0
2026-08-10,0.3497491977801997,0.7901806202178904,0.05810430652119196,0.8011092175756155,11.0
2026-08-11,0.3244975001178852,0.7552238072030903,0.11682586551671324,1.319560406542848,7.0
2026-08-12,0.23504185543683143,1.3211049322894097,-0.0006505213957131231,0.7523288538666669,8.0
2026-08-13,0.24475982173572172,1.4408963430001527,0.0843168161320178,1.6029563192866778,3.0
2026-08-14,-0.024596588431388216,1.1717049296711,-0.21189961027652232,0.521824962634712,7.0
2026-08-15,0.16710641822452496,1.0891765604950494,-0.22464421011445002,0.8981171597784496,9.0
2026-08-16,-0.4784071560982189,0.8302747635453602,-0.21695989073290525,0.5603098674993868,21.0
2026-08-17,0.47168687135793136,1.1074382338694622,-0.3400641944198136,0.7528212932959876,9.0
2026-08-18,-0.1734011811397026,0.6854655945350886,-0.37525742456476235,1.1484935719392348,11.0
2026-08-19,-0.0892226242477056,0.8389903475771218,-0.13316506380595147,0.980239010454771,12.0
2026-08-20,0.14128325743083842,1.0,-0.23823614573000187,1.0,1.0
2026-08-21,0.04163044917722902,0.9464017663720894,0.23206010736672505,1.0861718966352636,8.0
2026-08-22,-0.20540318655305145,0.8210793368210458,0.30518419932699176,1.1807670284406129,7.0
2026-08-23,1.5457829334012188,1.0,-0.7998540341249499,1.0,1.0
2026-08-24,-0.04100359783291302,0.5171957884801195,-0.44376695188694837,0.2837336234420954,4.0
2026-08-25,0.2103929847522948,0.6221988010683925,-0.23538950204102904,0.7667568406144154,5.0
2026-08-26,-0.48197268754589717,1.1186810237157734,-0.5401869509946018,0.5744776783878403,13.0
2026-08-27,-0.14426416148456794,1.1767420695260697,0.14661033696079118,1.3833912603624896,10.0
2026-08-28,0.27430078867810803,0.9471880975682068,0.07845712776334451,0.9718144594428106,5.0
2026-08-29,-0.5185034000017262,0.27260200359244674,-0.2383446176472807,0.6336199355581972,5.0
2026-08-30,0.10824679821054375,0.9405458538644225,0.2607325516143353,0.9674592060986685,9.0
2026-08-31,-0.15785354196920398,0.7326988535496368,0.3744630529111478,0.9321675547659709,14.0
2026-09-01,0.09333248367749682,0.7420862673064482,0.1703985887903046,0.8639614726320667,20.0
2026-09-02,-0.25080971708557287,0.8781055735165083,0.04936766420277492,1.0211516175166235,16.0
2026-09-03,0.10792682053444932,1.0028740901051283,-0.0754138145515322,1.3880157740595083,13.0
2026-09-04,-0.06711953755477651,1.2108217255662255,-0.3701860300964201,1.569659870001962,6.0
2026-09-06,-0.41056757428796375,0.8674514093637137,-0.206908823207975,1.32191675061079,3.0
2026-09-07,-0.7415640554858413,1.835396549506635,-0.4604284494900411,0.23975971657057069,3.0
2026-09-08,1.0474051400711282,0.9686626507337475,-0.30316751907321465,1.149675067867395,3.0
2026-09-09,-0.08617224474830798,1.0,-0.9780881091174316,1.0,1.0
