domain,sentiment_mean,sentiment_std,subjectivity_mean,subjectivity_std,counting
www.abc.net.au,0.00038638136666626347,0.1738756936171839,0.42892987071418326,0.16543862415242322,188.0
abcnews.go.com,-0.04684874064027802,0.1741475189262458,0.36986230248329743,0.19105695291981056,176.0
www.aljazeera.com,-0.0642403928494969,0.17876658761546876,0.38278301526133895,0.17999468025221782,173.0
economictimes.indiatimes.com,-0.009268078411464344,0.14370956247380062,0.4311069204760431,0.16387963465981234,172.0
www.thestar.com.my,0.08381000334088569,0.1699639736197185,0.42998593995873413,0.15885161212806684,170.0
www.bbc.com,-0.05302705865159293,0.23230205571217277,0.3954060536251296,0.18510721863427923,122.0
biztoc.com,-0.011580536437943158,0.17590263343696333,0.3402757149481104,0.16260397323552,121.0
www.cbsnews.com,0.003948431044514647,0.1631799619417076,0.3908652455949534,0.17877074030162554,112.0
www.yahoo.com,-0.037033983944060475,0.1614040346699287,0.3796466298841937,0.20779618187947593,112.0
www.insurancejournal.com,-0.028397961605919536,0.17991435643683482,0.39996799316177567,0.191830925498085,89.0
www.newsweek.com,-0.026708392141105982,0.13023909107547219,0.37549903373235216,0.15508533868239568,87.0
www.forbes.com,0.04534669007097533,0.15644945922040357,0.38617702858742725,0.1462146373598661,72.0
nypost.com,-0.04223441137908731,0.132175365683106,0.41853642469498953,0.16105140745612928,72.0
www.npr.org,0.024695544590420424,0.15609105083126606,0.43455672017217606,0.16170606768178794,71.0
consent.yahoo.com,-0.11648304742521161,0.1577012313073013,0.4155954803902565,0.1270918196831141,67.0
slashdot.org,0.009127355569904383,0.11251027981188193,0.4159918017431083,0.10954618420251376,66.0
www.nbcnews.com,-0.0559851554015157,0.1653753818664541,0.38836353329574835,0.16533105537586848,64.0
www.cbc.ca,0.005084532534456944,0.1523199157884145,0.36258867103963477,0.1487085713945719,63.0
www.dw.com,-0.0343632892365277,0.12108638575402893,0.3300474714743159,0.11806238554312166,47.0
en.antaranews.com,0.03404761904761905,0.15528891867227917,0.3278555645743146,0.28217686833630706,44.0
timesofindia.indiatimes.com,0.040164701865594725,0.16854147896025742,0.4357954631347488,0.18588026008020922,42.0
www.ibtimes.com,-0.022919962716589703,0.2553022931033645,0.4697704991951024,0.23703078630748217,42.0
phys.org,0.08859021314051801,0.1850618613018549,0.4221266365616223,0.20616191391005845,41.0
theconversation.com,0.015276286409656697,0.15558681069808417,0.46055282870410363,0.17469099938717275,41.0
www.bostonherald.com,-0.020853089811423142,0.18655711439936898,0.364807445640779,0.17686144641152232,39.0
www.pbs.org,-0.005676503077818869,0.12897955612739437,0.39873301284485496,0.13203248451615407,38.0
www.thejournal.ie,0.01309414121914122,0.15716574492411345,0.44663618163618163,0.15871916195184316,37.0
news.sky.com,-0.07010598978108899,0.1542893057048373,0.35631293456690283,0.16473927708432842,36.0
www.digitaljournal.com,-0.010919791207669996,0.17828914901810866,0.3991556448601903,0.1304977588647041,33.0
www.channelnewsasia.com,-0.02506646038211695,0.13882471117370676,0.38810502395098356,0.1662756171589359,33.0
english.khabarhub.com,-0.012955111793821472,0.11493400989511007,0.3200623399897593,0.2026268899939955,31.0
japantoday.com,-0.008531305500055503,0.1559032397103325,0.4246999296999297,0.1459601224832243,30.0
www.bangkokpost.com,-0.03543178932178932,0.16545077937338937,0.37242380952380955,0.19548499240418465,25.0
grist.org,0.03959716810966811,0.09785009250594004,0.34893823953823955,0.176620600051113,25.0
www.independent.ie,-0.05588884880551548,0.1430101697089145,0.3331305615680616,0.18600880965287933,24.0
punchng.com,0.06957686335403726,0.21400819570739651,0.371620082815735,0.27637343437030454,23.0
financialpost.com,0.07069370725892465,0.19181322793551236,0.4617109553087814,0.19947108532837488,23.0
www.irishtimes.com,-0.040174352736336204,0.18989798160037966,0.45168078363326297,0.2070929588807598,22.0
www.snopes.com,-0.05316156696838515,0.15882351456669896,0.32818837727928635,0.18800175718810674,22.0
www.cnn.com,-0.008321458633958632,0.17731782524606057,0.40794232913551093,0.15063550974756526,22.0
www.breitbart.com,-0.018601857409630523,0.30090506646066256,0.4206101051531724,0.2192329146021437,21.0
www.foxweather.com,-0.004183651445556209,0.12278408497873479,0.3997694721504246,0.15100257292640362,21.0
rollingout.com,-0.029602110051244246,0.21655085047327063,0.6097689271607021,0.21807511974977015,21.0
www.naturalnews.com,-0.008247478846910664,0.12469029451043116,0.4840873917748918,0.272913434529853,20.0
indianexpress.com,0.0268378490417964,0.17336004478974393,0.42164035404166983,0.20537331675703,19.0
nep123.com,-0.002568281042787621,0.1454364206122773,0.4971727234323983,0.1125469320565439,19.0
www.usatoday.com,-0.01683411495911495,0.1920741226436391,0.3837803965581743,0.18964233597125302,18.0
www.rte.ie,-0.05586052322163434,0.2463042565143815,0.34895729784618673,0.24401697597703884,18.0
www.sciencedaily.com,0.08515307058756257,0.1115987291616209,0.48087097295653447,0.13464276611284817,17.0
www.memeorandum.com,0.08924787576015254,0.1472219000969323,0.373277062719027,0.12327887928525502,16.0
kyweathercenter.com,0.149096083552885,0.14492586259804785,0.5460760448701626,0.09094253191139443,16.0
www.foxnews.com,-0.08023960588023088,0.14436424301968806,0.38691732052669553,0.1925314394373486,16.0
www.globalsecurity.org,0.042873714826839826,0.1310955001935188,0.3681310500841751,0.13670412126854645,16.0
thehillstimes.in,0.04873295718831434,0.17330343146204097,0.4206756074613217,0.1496507197444171,15.0
www.nzherald.co.nz,0.06738912938912939,0.209162511981335,0.4756972502805836,0.17921890832043386,15.0
newrepublic.com,-0.034257921932164356,0.17719947791083265,0.4346027555497252,0.13661280738750006,15.0
www.newser.com,-0.03087691326530612,0.1510517548044741,0.34843324829931976,0.12294301739346603,14.0
gizmodo.com,-0.007384118149424274,0.09629372024218628,0.37172913537709457,0.12128641950785639,14.0
www.tmz.com,0.08370509379250637,0.15649340436503048,0.4850857206335062,0.1874745333622292,13.0
www.rt.com,-0.021803196803196808,0.0822059390775164,0.3674837662337662,0.11636972709594613,13.0
www.huffpost.com,-0.06240822669394098,0.11816953922309816,0.40255561898419046,0.13107194177822754,13.0
www.businessinsider.com,-0.01165219907407408,0.2525364708187885,0.4364644961519961,0.13633850962799418,12.0
dailycaller.com,-0.03863015071348405,0.1053787535520222,0.477405303030303,0.1888814054012366,12.0
www.nakedcapitalism.com,0.015085978835978842,0.1175672611308061,0.3434087902837903,0.12198510763895126,12.0
pypi.org,-0.125,0.0,0.375,0.0,11.0
freerepublic.com,-0.01649747474747475,0.15880963772094517,0.39486489898989896,0.23170251064104125,10.0
wattsupwiththat.com,0.001839496151996149,0.09724375954562453,0.4497739598364598,0.16590466942162327,10.0
www.today.com,-0.0071988566988567,0.1818191141127602,0.46256740481740477,0.19923056298485609,10.0
www.thehindubusinessline.com,0.03447381983096269,0.12135076655388544,0.41677406720263865,0.11136158575152455,10.0
gothamist.com,0.08786429110211577,0.08667045993086814,0.4722897434455876,0.06084541563841785,10.0
www.hurriyetdailynews.com,-0.13818893298059964,0.19613843606452525,0.42175374779541447,0.1741581996330624,9.0
finance.yahoo.com,0.10199891329520959,0.18900634119086065,0.3961607254199847,0.08704395861939568,9.0
weather.com,-0.07122855539522205,0.20185327331416247,0.49030463363796695,0.24346895266116816,9.0
www.salon.com,-0.132445620223398,0.20112449047800837,0.35525352733686066,0.20166594102182347,9.0
subscriber.politicopro.com,0.020784732243065582,0.0819889691019403,0.3196443602693603,0.05888325368354863,9.0
www.livescience.com,-0.05208764128376923,0.17407115269808843,0.5714856193812423,0.14592641570798573,9.0
journals.plos.org,0.036368016903731176,0.0838049581468602,0.4047205902563046,0.17632535676171415,8.0
www.japantimes.co.jp,0.05243561250257679,0.16273002284509,0.3655325255102041,0.1904015507467378,8.0
www.msnbc.com,0.046256538600288596,0.14506684528263133,0.37302278739778744,0.18609982802787303,8.0
www.vox.com,-0.062335831256285806,0.2262500203360138,0.38999898880580697,0.1257001917812157,8.0
www.scientificamerican.com,0.06301754524410774,0.1720285709184613,0.5645964856902357,0.1479371196618447,8.0
en.protothema.gr,0.0175414862914863,0.163488808644004,0.46569564694564697,0.15366270263275897,8.0
apnews.com,0.03273644179894181,0.19785400143835502,0.42599867724867724,0.13405144993340767,8.0
www.wftv.com,-0.008315972222222228,0.14413983520805454,0.31460069444444444,0.21662374215499483,8.0
www.dailysignal.com,0.18604596625151437,0.18386127854050682,0.37115691145604246,0.11661828677781648,8.0
www.voanews.com,-0.01919852716727717,0.10997174642529921,0.4194612332112332,0.10930417669495365,8.0
www.rollingstone.com,-0.12318959686147185,0.2053688974277044,0.42168199855699856,0.12341924576316289,8.0
www.nature.com,0.05446428571428571,0.09503797799777078,0.4287244897959184,0.2737179342527341,7.0
www.ndtv.com,-0.017569573283859004,0.11852555274746805,0.47691094619666047,0.15121347800347032,7.0
7news.com.au,0.08435515873015874,0.1277512723760311,0.4685218253968254,0.12483468179508479,7.0
lancasteronline.com,-0.0014726345083487882,0.26887308550962463,0.3711416889988319,0.19063100607508673,7.0
www.theatlantic.com,0.07055735930735932,0.21179615894844708,0.46690746753246753,0.1767018835127646,6.0
ahouseinthehills.com,-0.02721049783549784,0.24867469344028514,0.5238239538239539,0.12478669168252308,6.0
people.com,-0.09067460317460317,0.053984445516951814,0.4104497354497354,0.10185501266311014,6.0
www.nationalobserver.com,0.023228114478114487,0.22935133106677733,0.510976430976431,0.22412339107228157,6.0
paultan.org,0.09358479273252,0.15228861633426677,0.25936543464952555,0.16633728000770975,6.0
news.un.org,0.016003787878787878,0.03151222531541039,0.39948322510822515,0.08002087246496829,6.0
statetimes.in,-0.059298941798941796,0.07532946726624276,0.30027336860670195,0.1964967363718659,6.0
time.com,-0.07070819805194806,0.15591182915398613,0.45173160173160176,0.17344664142204677,6.0
truthout.org,0.0893097643097643,0.09496852198497176,0.34817760942760945,0.22987760770283366,6.0
insidethemagic.net,0.15285714285714289,0.24804875718504033,0.5563293650793651,0.15999097226279166,6.0
www.motherjones.com,0.0425244794887652,0.19781409045458948,0.4548132687418402,0.11583904948586958,6.0
www.theregister.com,0.033837632275132264,0.1308222297574693,0.31690641534391534,0.1925589933197499,6.0
www.denverpost.com,0.04444940476190476,0.08036766630828679,0.2620701058201058,0.043405591367610116,6.0
www.globenewswire.com,0.06577155483405484,0.1960423159379489,0.4020652958152959,0.1429000838021775,6.0
www.kpbs.org,-0.03379178691678692,0.17570923659729398,0.4993446368446368,0.12216076296913334,6.0
www.wired.com,0.07864087301587301,0.11727613774309766,0.45501984126984124,0.14131076576392218,6.0
www.theverge.com,0.020517676767676754,0.31582474055358656,0.49445707070707073,0.2004780225975863,6.0
crooksandliars.com,-0.07983721139971141,0.1705371586582508,0.39226436757686756,0.17022745880900358,6.0
www.newyorker.com,0.043527537277537276,0.23447778545234782,0.4520916649488078,0.032257874155178834,6.0
www.israelnationalnews.com,0.11020899470899473,0.11165688677843104,0.4709009139009138,0.21573659565326953,5.0
e360.yale.edu,-0.03589454989454989,0.09366057999520935,0.4612918747918748,0.21761686762340532,5.0
dpa-international.com,0.061034188034188044,0.25996206742403605,0.36776923076923074,0.11822534450850695,5.0
www.propublica.org,0.021348845598845596,0.07479071328916108,0.30260461760461765,0.19833054207191636,5.0
www.dailydot.com,0.037285353535353546,0.20336264947519614,0.40991017316017314,0.10848039542917395,5.0
www.boredpanda.com,0.10633333333333331,0.2321653273214686,0.44811111111111107,0.14354308191507165,5.0
seclists.org,-0.15583333333333335,0.33605141802342625,0.475,0.12304019216861158,5.0
www.wpxi.com,-0.0047474747474747555,0.1412542385999687,0.2688888888888889,0.1641758316674647,5.0
www.bbc.co.uk,-0.13146428571428573,0.08879985215991325,0.3647678571428571,0.14382788730910445,5.0
www.kqed.org,0.03934577922077922,0.10146237662177378,0.44369426406926404,0.09397497057173132,5.0
www.sfgate.com,-0.10528571428571427,0.11899384499793376,0.2746349206349207,0.1949689766718015,5.0
www.americanthinker.com,0.11876262626262628,0.22924556896416806,0.4571717171717172,0.2359736575271272,5.0
www.theblaze.com,-0.12783333333333333,0.173632265377858,0.45014814814814813,0.25018584998678023,5.0
www.stltoday.com,0.008542439703153992,0.10855173445845144,0.38674010513296225,0.11020540843565947,4.0
www.gov.uk,0.11197916666666667,0.09620060962211553,0.23392857142857143,0.12662212786597027,4.0
www.eurogamer.net,0.1622025613275613,0.15342734776157932,0.49294444444444446,0.15766423927346052,4.0
www.syllad.com,0.0066077441077441006,0.22500516444271462,0.4831649831649832,0.2377556208906721,4.0
science.nasa.gov,0.06459686147186147,0.12705738615137954,0.4877435064935065,0.10821087117755303,4.0
landezine.com,0.1122113997113997,0.17198958363079664,0.31274975024975027,0.14610843652292885,4.0
deadline.com,0.1072926232017141,0.09420209028834688,0.37815273951637585,0.1374208833923344,4.0
www.zdnet.com,0.3679545454545454,0.25903722529958717,0.5406818181818182,0.33959361234985197,4.0
reason.com,0.05486111111111113,0.30777288905062433,0.5196180555555555,0.0653623737698945,4.0
balloon-juice.com,0.19776424963924963,0.07882047372378453,0.4538437950937951,0.10414148701709368,4.0
www.adweek.com,0.020699404761904766,0.24617194086357083,0.5679017857142857,0.13492410746289885,4.0
www.upi.com,0.0036492153679653586,0.4770525919919171,0.4902022456709957,0.1693863536793135,4.0
fortune.com,0.01958333333333333,0.06800224669491114,0.36895833333333333,0.10263964065278744,4.0
www.ndtvprofit.com,-0.1416232638888889,0.057766406904757,0.3027199074074074,0.17429498793650774,4.0
www.haaretz.com,-0.09430368738404453,0.15356380289867796,0.4156841372912802,0.16882572068367002,4.0
brobible.com,-0.04326140873015875,0.15616403475769652,0.32705605158730156,0.04815031258875819,4.0
www.thecut.com,0.04630681818181818,0.12717738394579917,0.3196338383838384,0.0507982336281572,4.0
theintercept.com,0.08465608465608465,0.05780771362396344,0.29973544973544974,0.10518127274935504,4.0
cheezburger.com,-0.002949134199134215,0.14568475432409858,0.4519751082251082,0.1358969652434686,4.0
www.nbcsports.com,0.213125,0.3665456713244158,0.47125,0.3354491875193729,4.0
thechronicle.com.gh,0.21112689393939393,0.39480847507776196,0.6018939393939393,0.3019611821998907,4.0
www.techdirt.com,-0.024014249639249634,0.1629343356503036,0.4379716810966811,0.07756682690074777,4.0
www.space.com,0.17333694083694082,0.20389975052498338,0.48323953823953825,0.1528163611835222,3.0
ca.news.yahoo.com,-0.10825396825396827,0.09695778745021527,0.3338888888888889,0.24261499755175284,3.0
www.marca.com,0.09098484848484849,0.20847299726270338,0.4172222222222222,0.04473171051866813,3.0
www.mentalfloss.com,0.025974025974025972,0.2047811361240624,0.5588419913419913,0.010071025248636113,3.0
www.palmbeachpost.com,-0.07800925925925926,0.06966746595619223,0.22170584045584044,0.12913759381574683,3.0
sneakernews.com,0.16180555555555556,0.19982993348048436,0.4142361111111111,0.2804005949249382,3.0
blogs.edf.org,0.3103944203944204,0.14588696441040327,0.5585810485810486,0.032833611458287754,3.0
radaronline.com,-0.062070707070707075,0.12221745336718669,0.5852272727272728,0.18716223019942663,3.0
qz.com,0.08754556143445032,0.05475324643453226,0.38062022339800117,0.037970870311248045,3.0
uk.news.yahoo.com,-0.17795918367346938,0.3571260637451162,0.3955102040816327,0.09202520343618852,3.0
twistedsifter.com,0.08873015873015873,0.19167721552357034,0.6276190476190476,0.15113572311905976,3.0
www.accuweather.com,-0.002027417027416998,0.3101382077119584,0.5200144300144299,0.13330587072642563,3.0
www.polygon.com,0.009027777777777779,0.08580534872821373,0.5236111111111111,0.2178685946552119,3.0
www.thelocal.se,0.04126984126984128,0.13591429149802065,0.39980158730158727,0.1050798970758125,3.0
www.jpost.com,0.027440476190476182,0.19357425648083695,0.3693849206349206,0.08546583397709198,3.0
www.thesunchronicle.com,0.04760141093474426,0.22737008129568426,0.4364021164021164,0.18271670735242748,3.0
newatlas.com,-0.14296296296296299,0.25730160362177584,0.2446296296296296,0.3300300834273721,3.0
www.jsonline.com,0.17436868686868687,0.039476482093852724,0.45828282828282824,0.13533257790413722,3.0
articles.mercola.com,0.16358024691358025,0.054694980790193984,0.5424382716049383,0.08195534209464887,3.0
www.juancole.com,-0.12738678804855275,0.19847771486183588,0.5352591036414566,0.02673775021283563,3.0
www.pcgamer.com,0.0394570707070707,0.04884026239949897,0.3442460317460318,0.11649698139533593,3.0
www.tri-cityherald.com,-0.10944444444444446,0.24314538022739796,0.6319444444444445,0.06766098772009801,3.0
newsonjapan.com,0.044444444444444446,0.1261979632400061,0.5777777777777778,0.17506612507320807,3.0
theweek.com,0.031111111111111107,0.2216436913740744,0.3544444444444445,0.3107398578542174,3.0
www.wsoctv.com,0.008855218855218857,0.14348790909500642,0.1930976430976431,0.17186293080929912,3.0
www.technologyreview.com,0.0556712962962963,0.08163809063224219,0.4497685185185185,0.3042541202706153,3.0
petapixel.com,0.027278071722516173,0.414711183850218,0.5045855379188713,0.2313817371396808,3.0
politicalwire.com,0.019598765432098767,0.03646647714257244,0.40300925925925934,0.05878763788682748,3.0
www.mediaite.com,-0.18333333333333335,0.2088327347690278,0.4929012345679012,0.05022525847553814,3.0
press.un.org,-0.0028273809523809423,0.1448193459570764,0.43080357142857145,0.07312031207718764,3.0
www.koin.com,0.012638888888888892,0.06402355975501287,0.4055555555555556,0.17821127702606043,3.0
www.mensjournal.com,-0.014044117647058818,0.29035314190752426,0.513888888888889,0.09217033346131696,3.0
www.abc4.com,-0.05,0.21213203435596428,0.45,0.07071067811865474,2.0
www.activistpost.com,0.30666666666666664,0.03771236166328254,0.5933333333333333,0.1037089945740269,2.0
www.fox7austin.com,-0.09236111111111112,0.08347788389007853,0.2789351851851851,0.09853663941534753,2.0
www.androidauthority.com,-0.2287367724867725,0.11845909237734953,0.7353835978835979,0.13852184430387268,2.0
www.pymnts.com,0.007842712842712842,0.01605020154121846,0.25836219336219335,0.06031324940250625,2.0
www.euractiv.com,-0.031919191919191924,0.04514055411211092,0.2088888888888889,0.2954134996957132,2.0
www.eonline.com,-0.11249999999999999,0.08838834764831843,0.21785714285714286,0.001683587574253649,2.0
www.elpasotimes.com,-0.012121212121212123,0.017141982574219335,0.24431818181818182,0.1687413909649716,2.0
www.designboom.com,0.13333333333333333,0.0,0.5638888888888889,0.47533289179762367,2.0
www.desertsun.com,0.08437499999999999,0.08396893026590252,0.5427083333333333,0.12227054758017386,2.0
www.parispi.net,0.06916666666666668,0.19209734222234542,0.4766666666666667,0.061282587702834124,2.0
www.crikey.com.au,-0.03541666666666665,0.3564996688482177,0.5118055555555555,0.3761415238811773,2.0
www.fox2detroit.com,0.16280148423005567,0.1218742485570135,0.45525664811379096,0.14793705879740815,2.0
www.phillymag.com,-0.06333333333333332,0.10842303978193728,0.3833333333333333,0.24984439601924677,2.0
www.fox5ny.com,0.01056397306397306,0.1370763398209275,0.6180218855218855,0.2132153124214184,2.0
www.commondreams.org,0.30886363636363634,0.07263915115825438,0.5816287878787878,0.11544053889825825,2.0
www.fox6now.com,0.08749999999999998,0.12374368670764578,0.3625,0.19445436482630057,2.0
www.cnbc.com,-0.07916666666666666,0.11195857368787002,0.2416666666666667,0.341768277573498,2.0
www.cincinnati.com,0.08175000000000002,0.085206367132979,0.44575,0.01732411613907041,2.0
www.newsbreak.com,-0.008143939393939398,0.01151726954205362,0.22424242424242424,0.3171266776230577,2.0
www.popsci.com,-0.10138888888888889,0.24552318791199568,0.44375000000000003,0.014731391274719766,2.0
www.cbssports.com,-0.04734848484848485,0.3926585383407116,0.5493476430976431,0.05395558056781183,2.0
www.catholicnewsagency.com,-0.09333333333333332,0.009428090415820635,0.28833333333333333,0.09899494936611665,2.0
www.brownstoner.com,-0.02857142857142857,0.11111677990074317,0.4068452380952381,0.019782153997480803,2.0
www.fratellowatches.com,0.3403030303030302,0.0544257946731464,0.5087878787878788,0.03385541558408313,2.0
www.project-syndicate.org,0.01646634615384615,0.0341654959179077,0.2152644230769231,0.04368424104926508,2.0
www.bay12games.com,0.17857142857142858,0.0,0.29910714285714285,0.0,2.0
www.psychologytoday.com,0.12815476190476194,0.4728355702291473,0.686547619047619,0.05437987864839406,2.0
www.gamespot.com,0.014520202020202017,0.1326718026317184,0.4201599326599327,0.11100624132263569,2.0
www.marketwatch.com,0.08875000000000001,0.03712310601229376,0.3591666666666667,0.14024284493533193,2.0
www.gamesradar.com,0.04880952380952383,0.31988163910820006,0.4738095238095238,0.09259731658395264,2.0
www.usmagazine.com,-0.07857142857142857,0.04040610178208842,0.34732142857142856,0.08460027560624767,2.0
www.thedailybeast.com,-0.037878787878787845,0.14784959970264172,0.4611111111111111,0.13356461422412555,2.0
m.economictimes.com,-0.0814935064935065,0.04453854400980203,0.4107142857142857,0.08586296628693792,2.0
www.thegatewaypundit.com,0.10172799422799422,0.08112341217638738,0.48538961038961037,0.030763736584090203,2.0
kottke.org,0.16904761904761909,0.23906943554402327,0.47380952380952385,0.48150604623655385,2.0
www.thelocal.de,-0.015624999999999997,0.08396893026590252,0.30069444444444443,0.08740625489667049,2.0
www.jacksonville.com,-0.14,0.08485281374238571,0.5475,0.1803122292025697,2.0
www.jezebel.com,-0.058333333333333334,0.03872251420783474,0.5785714285714285,0.2525381361380527,2.0
www.thewrap.com,0.20166666666666666,0.16734860488081627,0.5438888888888889,0.02278455183823315,2.0
english.shannews.org,-0.06720779220779222,0.08494464579189046,0.39826839826839827,0.10530075009877589,2.0
www.kark.com,-0.018125000000000006,0.08220116331293616,0.2925,0.010606601717798222,2.0
en.people.cn,-0.1375,0.19445436482630057,0.225,0.24748737341529164,2.0
dirt.asla.org,0.06026785714285715,0.041037447122433554,0.3689285714285715,0.03687056787615564,2.0
developer.nvidia.com,0.15714285714285714,0.09596449173246,0.43154761904761907,0.08502117249981109,2.0
www.the-independent.com,0.14583333333333331,0.24159481690540371,0.21354166666666669,0.0456673129516312,2.0
www.wavy.com,0.047968750000000004,0.1584361131596108,0.3840625,0.22052892738255445,2.0
cointelegraph.com,-0.10714285714285714,0.1515228816828316,0.28214285714285714,0.25758889886081376,2.0
cleantechnica.com,0.12911856661856663,0.004651123248064497,0.29798442298442296,0.11600794846339625,2.0
www.ktsm.com,-0.11194444444444446,0.07346053782326913,0.4494444444444444,0.09113820735293275,2.0
www.wisn.com,0.015208333333333338,0.08750446417183526,0.31604166666666667,0.0038301617314271228,2.0
www.wkrg.com,0.09105113636363636,0.061269195528948,0.2595486111111111,0.07635771144063067,2.0
www.wsbtv.com,0.020833333333333336,0.1473139127471974,0.428125,0.25190679079770756,2.0
berwicknews.starcommunity.com.au,-0.048106060606060604,0.044462017301881394,0.35909090909090907,0.1778480692075256,2.0
www.livemint.com,0.05047348484848485,0.0199543390903022,0.39621212121212124,0.12320799975220145,2.0
www.yankodesign.com,0.06666666666666668,0.1885618083164127,0.37083333333333335,0.11195857368787,2.0
archinect.com,0.08806818181818182,0.12454721714081235,0.2789772727272727,0.3945334426847668,2.0
www.loudersound.com,-0.01692708333333333,0.0791812281016186,0.478125,0.38448931227018524,2.0
www.the-sun.com,-0.21944444444444447,0.18463343730982074,0.2989316239316239,0.11936204212337018,2.0
legalinsurrection.com,0.04356770833333334,0.1628923590202135,0.5298363095238094,0.024096347156505854,2.0
mypeoplesreview.com,0.03916666666666666,0.0624610990048117,0.3833333333333333,0.11785113019775789,2.0
www.statesman.com,0.13817460317460317,0.1749808685507663,0.4286904761904761,0.056849140423966056,2.0
www.resilience.org,0.07375000000000001,0.033587572106361006,0.33625000000000005,0.1926865978733342,2.0
www.rigzone.com,0.04734848484848485,0.12588643452942322,0.2897727272727273,0.23302382561829407,2.0
thespun.com,0.16388888888888886,0.19052599381970858,0.4569444444444444,0.2573083009317714,2.0
theeconomiccollapseblog.com,0.18611111111111112,0.20820366334937232,0.5055555555555555,0.22784551838233202,2.0
www.seattlepi.com,0.0011363636363636367,0.1751696344303038,0.40045454545454545,0.14077853189077627,2.0
www.hollywoodreporter.com,0.06272727272727271,0.007713892158398706,0.6115909090909091,0.057532779014723597,2.0
www.sportingnews.com,0.03214285714285715,0.04545686450484949,0.2392857142857143,0.015152288168283146,2.0
skift.com,0.07379148629148628,0.1599153106514598,0.4170506081220367,0.02267012618924717,2.0
news.climate.columbia.edu,-0.0316017316017316,0.07315953277211465,0.3883116883116883,0.19560226544510984,2.0
www.standardmedia.co.ke,-0.07343750000000002,0.2452776647240837,0.5130208333333334,0.1362653692911576,2.0
www.hospitalitynet.org,0.30666666666666664,0.3205550741379015,0.32999999999999996,0.04242640687119287,2.0
www.hrw.org,-0.25125,0.08662058069535208,0.44500000000000006,0.06363961030678932,2.0
skepticalscience.com,0.11979683195592286,0.14288719054266177,0.4108505509641873,0.021237552842662096,2.0
rpnradio.com,0.014285714285714287,0.020203050891044218,0.6607142857142857,0.12626906806902638,2.0
www.ign.com,-0.03103956228956229,0.19180569043549237,0.5176767676767677,0.21070353580811263,2.0
www.texastribune.org,0.1778061224489796,0.2081635779309377,0.3559098639455782,0.2214518941420114,2.0
news.slashdot.org,-0.06524621212121214,0.08048696505551423,0.4641098484848485,0.0625414520481283,2.0
www.tennessean.com,0.25555555555555554,0.3456966485800899,0.4,0.14142135623730953,2.0
www.factcheck.org,0.012916666666666661,0.024159481690540364,0.6070833333333333,0.2869675020315404,2.0
www.nj.com,-0.012199921290830387,0.021928380305981876,0.48602912239275875,0.08893794855065745,2.0
pix11.com,0.15400432900432898,0.2536095100489414,0.5685064935064934,0.044538544009802096,2.0
www.miamiherald.com,0.0,1.0,0.0,1.0,1.0
www.nasa.gov,0.0,1.0,0.0,1.0,1.0
www.mediafax.ro,0.0,1.0,0.0,1.0,1.0
www.neatorama.com,0.0,1.0,0.0,1.0,1.0
www.newscientist.com,0.0,1.0,0.0,1.0,1.0
www.nationalgeographic.com,0.0,1.0,0.0,1.0,1.0
www.neowin.net,0.0,1.0,0.0,1.0,1.0
www.nextgov.com,0.0,1.0,0.0,1.0,1.0
www.nbc4i.com,0.0,1.0,0.0,1.0,1.0
www.menshealth.com,0.0,1.0,0.0,1.0,1.0
www.news-journalonline.com,0.0,1.0,0.0,1.0,1.0
www.naplesnews.com,0.0,1.0,0.0,1.0,1.0
www.metafilter.com,0.0,1.0,0.0,1.0,1.0
www.news-press.com,0.0,1.0,0.0,1.0,1.0
www.ncspin.com,0.0,1.0,0.0,1.0,1.0
19thnews.org,0.0,1.0,0.0,1.0,1.0
www.ohscanada.com,0.0,1.0,0.0,1.0,1.0
www.terradaily.com,0.0,1.0,0.0,1.0,1.0
www.trendwatching.com,0.0,1.0,0.0,1.0,1.0
www.trendhunter.com,0.0,1.0,0.0,1.0,1.0
www.tmonews.com,0.0,1.0,0.0,1.0,1.0
www.timeout.com,0.0,1.0,0.0,1.0,1.0
www.theweathernetwork.com,0.0,1.0,0.0,1.0,1.0
www.thestranger.com,0.0,1.0,0.0,1.0,1.0
www.theroot.com,0.0,1.0,0.0,1.0,1.0
www.theobserver.com,0.0,1.0,0.0,1.0,1.0
www.thenewstribune.com,0.0,1.0,0.0,1.0,1.0
www.themarginalian.org,0.0,1.0,0.0,1.0,1.0
www.theleafchronicle.com,0.0,1.0,0.0,1.0,1.0
www.thefader.com,0.0,1.0,0.0,1.0,1.0
www.thedrum.com,0.0,1.0,0.0,1.0,1.0
www.thedailymash.co.uk,0.0,1.0,0.0,1.0,1.0
www.the-daily-record.com,0.0,1.0,0.0,1.0,1.0
www.tribune242.com,0.0,1.0,0.0,1.0,1.0
www.tubefilter.com,0.0,1.0,0.0,1.0,1.0
www.universetoday.com,0.0,1.0,0.0,1.0,1.0
www.wonkette.com,0.0,1.0,0.0,1.0,1.0
yaleclimateconnections.org,0.0,1.0,0.0,1.0,1.0
www.yourbasin.com,0.0,1.0,0.0,1.0,1.0
www.yesmagazine.org,0.0,1.0,0.0,1.0,1.0
www.ydr.com,0.0,1.0,0.0,1.0,1.0
www.xda-developers.com,0.0,1.0,0.0,1.0,1.0
www.wsaz.com,0.0,1.0,0.0,1.0,1.0
www.wnd.com,0.0,1.0,0.0,1.0,1.0
www.vanityfair.com,0.0,1.0,0.0,1.0,1.0
www.wlky.com,0.0,1.0,0.0,1.0,1.0
www.whsv.com,0.0,1.0,0.0,1.0,1.0
www.wdrb.com,0.0,1.0,0.0,1.0,1.0
www.wcpo.com,0.0,1.0,0.0,1.0,1.0
www.wbaltv.com,0.0,1.0,0.0,1.0,1.0
www.washingtonpost.com,0.0,1.0,0.0,1.0,1.0
www.texasmonthly.com,0.0,1.0,0.0,1.0,1.0
www.techspot.com,0.0,1.0,0.0,1.0,1.0
www.on3.com,0.0,1.0,0.0,1.0,1.0
www.techradar.com,0.0,1.0,0.0,1.0,1.0
www.rand.org,0.0,1.0,0.0,1.0,1.0
www.radiotamazuj.org,0.0,1.0,0.0,1.0,1.0
www.providencejournal.com,0.0,1.0,0.0,1.0,1.0
www.pressconnects.com,0.0,1.0,0.0,1.0,1.0
www.poynter.org,0.0,1.0,0.0,1.0,1.0
www.poundingtherock.com,0.0,1.0,0.0,1.0,1.0
www.politico.eu,0.0,1.0,0.0,1.0,1.0
www.planetizen.com,0.0,1.0,0.0,1.0,1.0
www.pjstar.com,0.0,1.0,0.0,1.0,1.0
www.pilotonline.com,0.0,1.0,0.0,1.0,1.0
www.perthnow.com.au,0.0,1.0,0.0,1.0,1.0
www.pcworld.com,0.0,1.0,0.0,1.0,1.0
www.patheos.com,0.0,1.0,0.0,1.0,1.0
www.pajiba.com,0.0,1.0,0.0,1.0,1.0
www.ozarksfirst.com,0.0,1.0,0.0,1.0,1.0
www.rd.com,0.0,1.0,0.0,1.0,1.0
www.redding.com,0.0,1.0,0.0,1.0,1.0
www.redfin.com,0.0,1.0,0.0,1.0,1.0
www.st.ryukoku.ac.jp,0.0,1.0,0.0,1.0,1.0
www.techmeme.com,0.0,1.0,0.0,1.0,1.0
www.sunstar.com.ph,0.0,1.0,0.0,1.0,1.0
www.stlpr.org,0.0,1.0,0.0,1.0,1.0
www.stemlynsblog.org,0.0,1.0,0.0,1.0,1.0
www.stashmedia.tv,0.0,1.0,0.0,1.0,1.0
www.staradvertiser.com,0.0,1.0,0.0,1.0,1.0
www.spacewar.com,0.0,1.0,0.0,1.0,1.0
www.registerguard.com,0.0,1.0,0.0,1.0,1.0
www.spacedaily.com,0.0,1.0,0.0,1.0,1.0
www.shtfplan.com,0.0,1.0,0.0,1.0,1.0
www.scmp.com,0.0,1.0,0.0,1.0,1.0
www.sanluisobispo.com,0.0,1.0,0.0,1.0,1.0
www.ruidoso-nm.gov,0.0,1.0,0.0,1.0,1.0
www.roadtovr.com,0.0,1.0,0.0,1.0,1.0
www.sfchronicle.com,0.0,1.0,0.0,1.0,1.0
www.digitimes.com,0.0,1.0,0.0,1.0,1.0
www.malwarebytes.com,0.0,1.0,0.0,1.0,1.0
globalnews.ca,0.0,1.0,0.0,1.0,1.0
mississippiriverdelta.org,0.0,1.0,0.0,1.0,1.0
metalinjection.net,0.0,1.0,0.0,1.0,1.0
me.pcmag.com,0.0,1.0,0.0,1.0,1.0
matadornetwork.com,0.0,1.0,0.0,1.0,1.0
lwn.net,0.0,1.0,0.0,1.0,1.0
lithub.com,0.0,1.0,0.0,1.0,1.0
lateralaction.com,0.0,1.0,0.0,1.0,1.0
ktvz.com,0.0,1.0,0.0,1.0,1.0
ktla.com,0.0,1.0,0.0,1.0,1.0
kotaku.com,0.0,1.0,0.0,1.0,1.0
komonews.com,0.0,1.0,0.0,1.0,1.0
kffhealthnews.org,0.0,1.0,0.0,1.0,1.0
joindatacops.com,0.0,1.0,0.0,1.0,1.0
jalopnik.com,0.0,1.0,0.0,1.0,1.0
iasbaba.com,0.0,1.0,0.0,1.0,1.0
heraldcourier.com,0.0,1.0,0.0,1.0,1.0
healthcareuncovered.substack.com,0.0,1.0,0.0,1.0,1.0
hbr.org,0.0,1.0,0.0,1.0,1.0
hackread.com,0.0,1.0,0.0,1.0,1.0
mondoweiss.net,0.0,1.0,0.0,1.0,1.0
moonbattery.com,0.0,1.0,0.0,1.0,1.0
myfox8.com,0.0,1.0,0.0,1.0,1.0
post.rlsbb.ru,0.0,1.0,0.0,1.0,1.0
sinocism.com,0.0,1.0,0.0,1.0,1.0
siliconangle.com,0.0,1.0,0.0,1.0,1.0
screenrant.com,0.0,1.0,0.0,1.0,1.0
science.slashdot.org,0.0,1.0,0.0,1.0,1.0
road.cc,0.0,1.0,0.0,1.0,1.0
richmondmagazine.com,0.0,1.0,0.0,1.0,1.0
pubs.usgs.gov,0.0,1.0,0.0,1.0,1.0
post.rlsbb.to,0.0,1.0,0.0,1.0,1.0
post.rlsbb.cc,0.0,1.0,0.0,1.0,1.0
nationalinterest.org,0.0,1.0,0.0,1.0,1.0
otherwords.org,0.0,1.0,0.0,1.0,1.0
order-order.com,0.0,1.0,0.0,1.0,1.0
oilprice.com,0.0,1.0,0.0,1.0,1.0
nordot.app,0.0,1.0,0.0,1.0,1.0
nextcity.org,0.0,1.0,0.0,1.0,1.0
news4sanantonio.com,0.0,1.0,0.0,1.0,1.0
news.sankakucomplex.com,0.0,1.0,0.0,1.0,1.0
news.gallup.com,0.0,1.0,0.0,1.0,1.0
golfweek.usatoday.com,0.0,1.0,0.0,1.0,1.0
gcaptain.com,0.0,1.0,0.0,1.0,1.0
soranews24.com,0.0,1.0,0.0,1.0,1.0
freebeacon.com,0.0,1.0,0.0,1.0,1.0
cbs58.com,0.0,1.0,0.0,1.0,1.0
caribbeannewsglobal.com,0.0,1.0,0.0,1.0,1.0
bringatrailer.com,0.0,1.0,0.0,1.0,1.0
bookriot.com,0.0,1.0,0.0,1.0,1.0
blogs.nvidia.com,0.0,1.0,0.0,1.0,1.0
blogs.cisco.com,0.0,1.0,0.0,1.0,1.0
blog.okfn.org,0.0,1.0,0.0,1.0,1.0
blog.hubspot.com,0.0,1.0,0.0,1.0,1.0
bleedingcool.com,0.0,1.0,0.0,1.0,1.0
bittersweetblog.com,0.0,1.0,0.0,1.0,1.0
bitrebels.com,0.0,1.0,0.0,1.0,1.0
beincrypto.com,0.0,1.0,0.0,1.0,1.0
barcauniversal.com,0.0,1.0,0.0,1.0,1.0
babylonbee.com,0.0,1.0,0.0,1.0,1.0
asteriskmag.com,0.0,1.0,0.0,1.0,1.0
answersingenesis.org,0.0,1.0,0.0,1.0,1.0
almostfearless.com,0.0,1.0,0.0,1.0,1.0
africasacountry.com,0.0,1.0,0.0,1.0,1.0
9to5toys.com,0.0,1.0,0.0,1.0,1.0
civileats.com,0.0,1.0,0.0,1.0,1.0
clarkesworldmagazine.com,0.0,1.0,0.0,1.0,1.0
comicbook.com,0.0,1.0,0.0,1.0,1.0
encyclopedia.thefreedictionary.com,0.0,1.0,0.0,1.0,1.0
fox5sandiego.com,0.0,1.0,0.0,1.0,1.0
foreignpolicy.com,0.0,1.0,0.0,1.0,1.0
football-italia.net,0.0,1.0,0.0,1.0,1.0
flowingdata.com,0.0,1.0,0.0,1.0,1.0
floodlightnews.org,0.0,1.0,0.0,1.0,1.0
everything-everywhere.com,0.0,1.0,0.0,1.0,1.0
english.gossiplankanews.com,0.0,1.0,0.0,1.0,1.0
energycentral.com,0.0,1.0,0.0,1.0,1.0
en.setopati.com,0.0,1.0,0.0,1.0,1.0
comicbookmovie.com,0.0,1.0,0.0,1.0,1.0
electronicintifada.net,0.0,1.0,0.0,1.0,1.0
djmag.com,0.0,1.0,0.0,1.0,1.0
digiday.com,0.0,1.0,0.0,1.0,1.0
decrypt.co,0.0,1.0,0.0,1.0,1.0
dallasexpress.com,0.0,1.0,0.0,1.0,1.0
dailyinterlake.com,0.0,1.0,0.0,1.0,1.0
corpgov.law.harvard.edu,0.0,1.0,0.0,1.0,1.0
constitutionofinnovation.eu,0.0,1.0,0.0,1.0,1.0
soldiersystems.net,0.0,1.0,0.0,1.0,1.0
sourcenm.com,0.0,1.0,0.0,1.0,1.0
www.makeuseof.com,0.0,1.0,0.0,1.0,1.0
www.dansdeals.com,0.0,1.0,0.0,1.0,1.0
www.goerie.com,0.0,1.0,0.0,1.0,1.0
www.globalresearch.ca,0.0,1.0,0.0,1.0,1.0
www.ghanaweb.com,0.0,1.0,0.0,1.0,1.0
www.futurity.org,0.0,1.0,0.0,1.0,1.0
www.fresnobee.com,0.0,1.0,0.0,1.0,1.0
www.foxla.com,0.0,1.0,0.0,1.0,1.0
www.fox35orlando.com,0.0,1.0,0.0,1.0,1.0
www.fox26houston.com,0.0,1.0,0.0,1.0,1.0
www.fox10phoenix.com,0.0,1.0,0.0,1.0,1.0
www.forrester.com,0.0,1.0,0.0,1.0,1.0
www.farminguk.com,0.0,1.0,0.0,1.0,1.0
www.fark.com,0.0,1.0,0.0,1.0,1.0
www.eveningtribune.com,0.0,1.0,0.0,1.0,1.0
www.dumblittleman.com,0.0,1.0,0.0,1.0,1.0
www.doomsdayscenario.co,0.0,1.0,0.0,1.0,1.0
www.dispatch.com,0.0,1.0,0.0,1.0,1.0
6abc.com,0.0,1.0,0.0,1.0,1.0
www.desmoinesregister.com,0.0,1.0,0.0,1.0,1.0
www.democracynow.org,0.0,1.0,0.0,1.0,1.0
www.greenbaypressgazette.com,0.0,1.0,0.0,1.0,1.0
www.hilobrow.com,0.0,1.0,0.0,1.0,1.0
www.homedit.com,0.0,1.0,0.0,1.0,1.0
www.koco.com,0.0,1.0,0.0,1.0,1.0
www.mactrast.com,0.0,1.0,0.0,1.0,1.0
www.macrumors.com,0.0,1.0,0.0,1.0,1.0
www.lifesciencesworld.com,0.0,1.0,0.0,1.0,1.0
www.legit.ng,0.0,1.0,0.0,1.0,1.0
www.lawnext.com,0.0,1.0,0.0,1.0,1.0
www.kxan.com,0.0,1.0,0.0,1.0,1.0
www.kut.org,0.0,1.0,0.0,1.0,1.0
www.ktalnews.com,0.0,1.0,0.0,1.0,1.0
www.kansascity.com,0.0,1.0,0.0,1.0,1.0
www.ibtimes.com.au,0.0,1.0,0.0,1.0,1.0
www.jw.org,0.0,1.0,0.0,1.0,1.0
www.justjared.com,0.0,1.0,0.0,1.0,1.0
www.jsg.utexas.edu,0.0,1.0,0.0,1.0,1.0
www.ipsnews.net,0.0,1.0,0.0,1.0,1.0
www.insidehighered.com,0.0,1.0,0.0,1.0,1.0
www.indystar.com,0.0,1.0,0.0,1.0,1.0
www.indiatoday.in,0.0,1.0,0.0,1.0,1.0
www.idahostatesman.com,0.0,1.0,0.0,1.0,1.0
www.defenseone.com,0.0,1.0,0.0,1.0,1.0
www.creativeboom.com,0.0,1.0,0.0,1.0,1.0
sports.yahoo.com,0.0,1.0,0.0,1.0,1.0
www.creativebloq.com,0.0,1.0,0.0,1.0,1.0
wreg.com,0.0,1.0,0.0,1.0,1.0
wng.org,0.0,1.0,0.0,1.0,1.0
wgntv.com,0.0,1.0,0.0,1.0,1.0
weandthecolor.com,0.0,1.0,0.0,1.0,1.0
wccftech.com,0.0,1.0,0.0,1.0,1.0
washingtonmonthly.com,0.0,1.0,0.0,1.0,1.0
vancouversun.com,0.0,1.0,0.0,1.0,1.0
urbanomnibus.net,0.0,1.0,0.0,1.0,1.0
uk.pcmag.com,0.0,1.0,0.0,1.0,1.0
thesurvivalmom.com,0.0,1.0,0.0,1.0,1.0
theradavist.com,0.0,1.0,0.0,1.0,1.0
thenonconsumeradvocate.com,0.0,1.0,0.0,1.0,1.0
the-gadgeteer.com,0.0,1.0,0.0,1.0,1.0
tennesseelookout.com,0.0,1.0,0.0,1.0,1.0
techxplore.com,0.0,1.0,0.0,1.0,1.0
tech.slashdot.org,0.0,1.0,0.0,1.0,1.0
taxprof.typepad.com,0.0,1.0,0.0,1.0,1.0
sustainability.stanford.edu,0.0,1.0,0.0,1.0,1.0
sportsnaut.com,0.0,1.0,0.0,1.0,1.0
wwd.com,0.0,1.0,0.0,1.0,1.0
www.101greatgoals.com,0.0,1.0,0.0,1.0,1.0
www.2822news.com,0.0,1.0,0.0,1.0,1.0
www.challies.com,0.0,1.0,0.0,1.0,1.0
www.creativeapplications.net,0.0,1.0,0.0,1.0,1.0
www.courier-journal.com,0.0,1.0,0.0,1.0,1.0
www.counterpunch.org,0.0,1.0,0.0,1.0,1.0
www.constructiondive.com,0.0,1.0,0.0,1.0,1.0
www.coindesk.com,0.0,1.0,0.0,1.0,1.0
www.citizen.digital,0.0,1.0,0.0,1.0,1.0
www.ciel.org,0.0,1.0,0.0,1.0,1.0
www.charlotteobserver.com,0.0,1.0,0.0,1.0,1.0
www.celebitchy.com,0.0,1.0,0.0,1.0,1.0
www.abc27.com,0.0,1.0,0.0,1.0,1.0
www.blogto.com,0.0,1.0,0.0,1.0,1.0
www.belloflostsouls.net,0.0,1.0,0.0,1.0,1.0
www.bellingcat.com,0.0,1.0,0.0,1.0,1.0
www.barchart.com,0.0,1.0,0.0,1.0,1.0
www.artnews.com,0.0,1.0,0.0,1.0,1.0
www.arlnow.com,0.0,1.0,0.0,1.0,1.0
www.ansa.it,0.0,1.0,0.0,1.0,1.0
www.androidcentral.com,0.0,1.0,0.0,1.0,1.0
yen.com.gh,0.0,1.0,0.0,1.0,1.0
