,phrase,label,sentiment,subjectivity,language,count
Typhoon Kalmaegi,Typhoon Kalmaegi,PERSON,-0.16351672546089538,0.5358611643443655,en,50.600000000000016
KOTA KINABALU,KOTA KINABALU,PERSON,0.243661009407577,0.9237883588570093,en,43.699999999999974
Met Éireann,Met Éireann,PERSON,0.03246166383219957,0.5054688208616783,en,27.999999999999982
Jason Momoa,Jason Momoa,PERSON,-0.33098370927318305,0.567669172932331,en,26.599999999999987
Storm Claudia,Storm Claudia,PERSON,-0.11099448685326554,0.441210771840543,en,26.19999999999999
Donald Trump,Donald Trump,PERSON,0.1617934436576056,1.9879624764017827,en,17.299999999999997
Cyclone Ditwah,Cyclone Ditwah,PERSON,-0.09765624999999996,0.3476562499999998,en,16.000000000000007
Storm Chandra,Storm Chandra,PERSON,0.13052869116698904,0.38994197292069627,en,14.100000000000001
PETALING JAYA,PETALING JAYA,PERSON,0.27026681286549703,0.6523757309941519,en,11.400000000000002
Storm Bram,Storm Bram,PERSON,0.13360790444123777,0.7902517235850568,en,9.9
Storm Byron,Storm Byron,PERSON,0.03390835355121068,0.3495203209488923,en,9.100000000000001
Ahmad Zahid Hamidi,Ahmad Zahid Hamidi,PERSON,0.058139534883720916,0.5017889087656529,en,8.600000000000001
Prabowo Subianto,Prabowo Subianto,PERSON,0.13008130081300814,0.621951219512195,en,8.200000000000001
Micheál Martin,Micheál Martin,PERSON,0.03595890410958904,0.07363013698630136,en,7.300000000000001
Datuk Seri Dr,Datuk Seri Dr,PERSON,0.1053921568627451,0.6971153846153846,en,6.800000000000001
Hat Yai,Hat Yai,PERSON,0.011393229166666664,0.2513020833333333,en,6.4
Bob Ferguson,Bob Ferguson,PERSON,0.078125,0.078125,en,6.4
Typhoon Fung-wong,Typhoon Fung-wong,PERSON,-0.15190972222222218,0.8140190972222222,en,6.4
Kota Marudu,Kota Marudu,PERSON,-0.047688802083333336,0.6614583333333333,en,6.4
Gibran Rakabuming Raka,Gibran Rakabuming Raka,PERSON,0.13888888888888887,0.6611111111111111,en,6.0
JOHOR BARU,JOHOR BARU,PERSON,0.933047573435504,2.9338585568326945,en,5.800000000000001
James Browne,James Browne,PERSON,0.22916666666666669,0.3055555555555556,en,4.8
Jason Allen,Jason Allen,PERSON,0.25,0.5,en,4.8
Typhoon Bualoi,Typhoon Bualoi,PERSON,-0.003546099290780135,0.3574468085106383,en,4.7
Carter Evans,Carter Evans,PERSON,0.32608695652173914,0.41304347826086957,en,4.6
Storm Amy,Storm Amy,PERSON,0.2992424242424242,0.7443181818181818,en,4.4
Fraser Valley,Fraser Valley,PERSON,0.04761904761904762,0.5952380952380952,en,4.2
Darrel John,Darrel John,PERSON,-0.07999999999999999,0.4333333333333333,en,4.0
Kristi Noem,Kristi Noem,PERSON,-0.4119886363636364,2.2976073232323233,en,3.9999999999999996
Stéphane Dujarric,Stéphane Dujarric,PERSON,0.06756756756756757,0.17567567567567569,en,3.6999999999999997
Josh Green,Josh Green,PERSON,-0.1418918918918919,0.46171171171171177,en,3.6999999999999997
Ata Mai,Ata Mai,PERSON,-0.09909909909909911,0.22222222222222224,en,3.6999999999999997
Ted Sarandos,Ted Sarandos,PERSON,0.0,0.0,en,3.6999999999999997
Rob Marciano,Rob Marciano,PERSON,0.6756756756756758,0.7837837837837838,en,3.6999999999999997
JIM VERTUNO,JIM VERTUNO,PERSON,-0.01891891891891893,0.43513513513513513,en,3.6999999999999997
Storm Goretti,Storm Goretti,PERSON,-0.0756756756756757,0.3027027027027028,en,3.6999999999999997
Sungai Perak,Sungai Perak,PERSON,0.11036036036036037,0.41066066066066065,en,3.6999999999999997
Eddie Wicks,Eddie Wicks,PERSON,0.0,0.0,en,3.6999999999999997
Camp Mystic,Camp Mystic,PERSON,0.09807534807534808,0.2788697788697789,en,3.6999999999999997
Pramono Anung,Pramono Anung,PERSON,0.0,0.16216216216216217,en,3.6999999999999997
Alice Springs,Alice Springs,PERSON,-0.2042042042042042,0.4654654654654655,en,3.6999999999999997
Datuk Seri,Datuk Seri,PERSON,0.22072072072072074,0.7364864864864865,en,3.6999999999999997
Hulu Langat,Hulu Langat,PERSON,0.01936936936936936,0.30990990990990996,en,3.6999999999999997
Simon King,Simon King,PERSON,-0.0765765765765766,0.43693693693693697,en,3.6999999999999997
Nicolas Maduro,Nicolas Maduro,PERSON,0.07207207207207207,0.15165165165165165,en,3.6999999999999997
Cyclone Narelle,Cyclone Narelle,PERSON,0.2493243243243243,0.5412162162162164,en,3.6999999999999997
Andres Gutierrez,Andres Gutierrez,PERSON,0.25000000000000006,0.5000000000000001,en,3.5999999999999996
Charlie Kirk,Charlie Kirk,PERSON,0.053724647266313916,0.9818077601410935,en,3.5999999999999996
KOTA BARU,KOTA BARU,PERSON,0.024404761904761898,0.6144047619047619,en,3.5
Datuk Seri Anwar Ibrahim,Datuk Seri Anwar Ibrahim,PERSON,-0.11519607843137254,0.3774509803921568,en,3.4000000000000004
Darragh OBrien,Darragh OBrien,PERSON,0.10723039215686274,0.6372549019607845,en,3.3999999999999995
Storm C,Storm C,PERSON,0.10723039215686274,0.6372549019607845,en,3.3999999999999995
Dave Franco,Dave Franco,PERSON,0.02284946236559139,0.21908602150537637,en,3.0999999999999996
Xi Jinping,Xi Jinping,PERSON,-0.20010101010101009,0.5848484848484848,en,3.0
Greg Abbott,Greg Abbott,PERSON,-0.2966269841269842,1.9636904761904763,en,3.0
Claudia Sheinbaum,Claudia Sheinbaum,PERSON,0.07574074074074076,0.49870370370370365,en,3.0
Kash Patel,Kash Patel,PERSON,0.09041666666666666,0.35333333333333333,en,3.0
JALALPUR PIRWALA,JALALPUR PIRWALA,PERSON,0.0,0.25,en,3.0
Tarun Chugh,Tarun Chugh,PERSON,-0.10902777777777778,0.25972222222222224,en,3.0
Omar Abdullah,Omar Abdullah,PERSON,-0.125,0.2916666666666667,en,3.0
Carl Melford,Carl Melford,PERSON,-0.07777777777777777,0.2111111111111111,en,3.0
Bhagwant Mann,Bhagwant Mann,PERSON,-0.10902777777777778,0.25972222222222224,en,3.0
Typhoon Ragasa,Typhoon Ragasa,PERSON,0.6146296296296296,1.250925925925926,en,2.9999999999999996
Typhoon Kajiki,Typhoon Kajiki,PERSON,0.12068965517241377,0.5977011494252874,en,2.9
Mamata Banerjee,Mamata Banerjee,PERSON,-0.20634920634920634,0.4801587301587302,en,2.8000000000000003
Gavin Newsom,Gavin Newsom,PERSON,0.0,0.0,en,2.8
KUALA NERUS,KUALA NERUS,PERSON,-0.08333333333333336,0.507936507936508,en,2.8
Aceh Tamiang,Aceh Tamiang,PERSON,-0.1369047619047619,0.46428571428571425,en,2.8
Kongjian Yu,Kongjian Yu,PERSON,0.06122448979591837,0.29591836734693877,en,2.8
RI Govt,RI Govt,PERSON,0.0,0.0,en,2.8
Jeff Gunter,Jeff Gunter,PERSON,-0.17857142857142858,0.3869047619047619,en,2.8
Medha Kulkarni,Medha Kulkarni,PERSON,0.04761904761904763,0.059523809523809534,en,2.8
Mike Littau,Mike Littau,PERSON,0.08730158730158731,0.4126984126984127,en,2.8
Joe Biden,Joe Biden,PERSON,0.0,0.5654761904761904,en,2.8
Lonnie Quinn,Lonnie Quinn,PERSON,0.17857142857142858,0.32142857142857145,en,2.8
Susie Lee,Susie Lee,PERSON,-0.17857142857142858,0.3869047619047619,en,2.8
Mother Nature,Mother Nature,PERSON,-0.17261904761904764,0.7827380952380952,en,2.8
Éireanns Michelle Dillon,Éireanns Michelle Dillon,PERSON,-0.08035714285714285,0.7589285714285715,en,2.8
Andrew Kozak,Andrew Kozak,PERSON,0.35714285714285715,0.5,en,2.8
Pope Francis,Pope Francis,PERSON,0.035714285714285705,0.6607142857142857,en,2.8
Donald Trumps,Donald Trumps,PERSON,0.5930059523809523,1.2582837301587302,en,2.8
Cyclone Alfred,Cyclone Alfred,PERSON,-0.11613906926406935,2.0575622294372296,en,2.8
Angus Taylor,Angus Taylor,PERSON,0.0,0.0,en,2.8
Wisma Putra,Wisma Putra,PERSON,0.053125,0.13973214285714286,en,2.8
Andy Beshear,Andy Beshear,PERSON,-0.11543367346938775,1.1760204081632653,en,2.8
Dan Patrick,Dan Patrick,PERSON,0.0404491341991342,0.10308441558441561,en,2.8
Jared Polis,Jared Polis,PERSON,0.1057692307692308,0.14423076923076925,en,2.5999999999999996
Tim Cook,Tim Cook,PERSON,-0.062222222222222255,0.368888888888889,en,2.4999999999999996
António Guterres,António Guterres,PERSON,-0.17708333333333334,0.4854166666666667,en,2.4
Sasko Lazarov,Sasko Lazarov,PERSON,0.0,0.0,en,2.1
Laura Bush,Laura Bush,PERSON,-0.03833333333333333,0.2694444444444445,en,2.0
VP Gibran,VP Gibran,PERSON,0.05,0.05,en,2.0
Tropical Rainstorm Lorena,Tropical Rainstorm Lorena,PERSON,-0.007142857142857145,0.3071428571428571,en,2.0
Sonarika Bhadoria,Sonarika Bhadoria,PERSON,0.0,0.0,en,2.0
Guru Randhawa,Guru Randhawa,PERSON,0.05,0.2,en,2.0
Dera Baba Nanak,Dera Baba Nanak,PERSON,0.05,0.2,en,2.0
Harjot Bains,Harjot Bains,PERSON,0.006249999999999999,0.20625,en,2.0
Natalius Pigai,Natalius Pigai,PERSON,0.0,0.10833333333333334,en,2.0
Michael McCown,Michael McCown,PERSON,0.25,0.375,en,2.0
Widiyanti Putri Wardhana,Widiyanti Putri Wardhana,PERSON,0.11666666666666665,0.45,en,2.0
Suzielianna Jonie,Suzielianna Jonie,PERSON,0.175,0.275,en,2.0
Kampung Sabuk,Kampung Sabuk,PERSON,0.175,0.275,en,2.0
Carlos Mazon,Carlos Mazon,PERSON,0.35,0.7833333333333333,en,2.0
I Datuk Seri Dr Jeffrey Kitingan,I Datuk Seri Dr Jeffrey Kitingan,PERSON,0.0875,0.7375,en,2.0
John Bolton,John Bolton,PERSON,0.29444444444444445,0.6444444444444445,en,2.0
Paxos Fat-Fingers,Paxos Fat-Fingers,PERSON,0.0,0.0,en,2.0
MARK THIESSEN,MARK THIESSEN,PERSON,-0.041666666666666664,0.2333333333333333,en,2.0
Johor Baru,Johor Baru,PERSON,0.4072916666666667,1.1416666666666666,en,2.0
ALOR SETAR,ALOR SETAR,PERSON,0.18421052631578946,0.2894736842105263,en,1.9
Keith Leonard,Keith Leonard,PERSON,0.05263157894736841,0.368421052631579,en,1.9
Rosie O’Donnell,Rosie O’Donnell,PERSON,-0.09473684210526316,0.08947368421052633,en,1.9
Katherine Ferruzzo,Katherine Ferruzzo,PERSON,-0.2631578947368421,0.49122807017543857,en,1.9
Brad Pitt,Brad Pitt,PERSON,0.008771929824561403,0.017543859649122806,en,1.9
Shanelle Kaul,Shanelle Kaul,PERSON,0.5263157894736842,0.7368421052631579,en,1.9
Todd River,Todd River,PERSON,-0.120718462823726,0.45781119465329995,en,1.9
Jusuf Kalla,Jusuf Kalla,PERSON,-0.07017543859649122,0.3157894736842105,en,1.9
Storm Kristin,Storm Kristin,PERSON,0.16771929824561405,0.4673684210526316,en,1.9
Lara Trump,Lara Trump,PERSON,-0.040204678362573104,0.7923976608187134,en,1.9
Max Furse-Kee,Max Furse-Kee,PERSON,0.5263157894736842,0.631578947368421,en,1.9
Dennis Butt,Dennis Butt,PERSON,0.0,0.0,en,1.9
Prasetyo Hadi,Prasetyo Hadi,PERSON,-0.3508771929824561,0.7017543859649122,en,1.9
Rawa Buaya,Rawa Buaya,PERSON,0.0,0.0,en,1.9
Lior Sudri,Lior Sudri,PERSON,0.32894736842105265,0.7236842105263158,en,1.9
Hanif Faisol Nurofiq,Hanif Faisol Nurofiq,PERSON,0.0,0.0,en,1.9
Anwar Ibrahim,Anwar Ibrahim,PERSON,0.18421052631578946,0.2894736842105263,en,1.9
Annapurani Alayam,Annapurani Alayam,PERSON,0.28289473684210525,0.46710526315789475,en,1.9
Carlos Mazón,Carlos Mazón,PERSON,0.14035087719298245,0.2631578947368421,en,1.9
Abrar Shabren,Abrar Shabren,PERSON,-0.631578947368421,0.7368421052631579,en,1.9
Storm Babet,Storm Babet,PERSON,-0.3848684210526316,0.43092105263157904,en,1.9
Shah Alam,Shah Alam,PERSON,0.23581681476418317,0.7000835421888053,en,1.9
Tokunbo Wahab,Tokunbo Wahab,PERSON,0.21052631578947367,0.6842105263157895,en,1.9
Kilmar Abrego Garcia,Kilmar Abrego Garcia,PERSON,-0.03508771929824561,0.11403508771929825,en,1.9
Lubuk Basung,Lubuk Basung,PERSON,-0.02631578947368422,0.2894736842105263,en,1.9
Kati Thanda-Lake Eyre,Kati Thanda-Lake Eyre,PERSON,0.06359649122807019,0.6454678362573099,en,1.9
Wayan Koster,Wayan Koster,PERSON,0.0,0.0,en,1.9
Datuk Seri Saarani Mohamad,Datuk Seri Saarani Mohamad,PERSON,0.1074561403508772,0.39985380116959063,en,1.9
Jo Hersey,Jo Hersey,PERSON,0.0,0.07017543859649122,en,1.9
Kampung Tangkarason,Kampung Tangkarason,PERSON,-0.2609649122807018,0.41776315789473684,en,1.9
JOHN SEEWER,JOHN SEEWER,PERSON,0.07631578947368421,0.45,en,1.9
Ginger Zee,Ginger Zee,PERSON,-0.4298245614035088,0.7500000000000001,en,1.9
Benjamin Netanyahu,Benjamin Netanyahu,PERSON,0.1842105263157895,0.6374269005847953,en,1.9
Mentri Besar Datuk Seri Saarani Mohamad,Mentri Besar Datuk Seri Saarani Mohamad,PERSON,0.1074561403508772,0.39985380116959063,en,1.9
Kruger National Park,Kruger National Park,PERSON,0.07456140350877193,0.8596491228070176,en,1.9
Paul Moore,Paul Moore,PERSON,0.19736842105263158,0.7894736842105263,en,1.9
Cyclone Koji,Cyclone Koji,PERSON,-0.14035087719298245,0.6666666666666666,en,1.9
Agus Gumiwang Kartasasmita,Agus Gumiwang Kartasasmita,PERSON,0.4736842105263158,0.7894736842105263,en,1.9
David Richardson,David Richardson,PERSON,0.07543859649122807,0.4052631578947369,en,1.9
Effendi Basyaruddin,Effendi Basyaruddin,PERSON,-0.06315789473684212,0.4736842105263158,en,1.9
Cyclone Ditwa,Cyclone Ditwa,PERSON,0.0,0.0,en,1.9
Sri Yuni Pardede,Sri Yuni Pardede,PERSON,-0.10526315789473685,0.2631578947368421,en,1.9
Dusun Nanding,Dusun Nanding,PERSON,0.13450292397660818,0.24269005847953218,en,1.9
Abdul Jalil,Abdul Jalil,PERSON,0.13450292397660818,0.24269005847953218,en,1.9
BINSAR BAKKARA,BINSAR BAKKARA,PERSON,0.2631578947368421,0.2982456140350877,en,1.9
Noah Cyrus,Noah Cyrus,PERSON,-0.3092105263157895,0.4736842105263158,en,1.9
Abdul Ghani,Abdul Ghani,PERSON,-0.2105263157894737,0.052631578947368425,en,1.9
Akhmad Munir,Akhmad Munir,PERSON,0.0,0.0,en,1.9
Giancarlo RinaldiSouth Scotland,Giancarlo RinaldiSouth Scotland,PERSON,0.13157894736842105,0.19230769230769232,en,1.9
Mike Baker,Mike Baker,PERSON,0.14354066985645933,0.4784688995215311,en,1.9
Danny Hakim,Danny Hakim,PERSON,0.14354066985645933,0.4784688995215311,en,1.9
Blacki Migliozzi,Blacki Migliozzi,PERSON,0.14354066985645933,0.4784688995215311,en,1.9
CLAIRE RUSH,CLAIRE RUSH,PERSON,0.0,0.0,en,1.9
Eliyahu Aba Shaul,Eliyahu Aba Shaul,PERSON,-0.12280701754385966,0.14619883040935674,en,1.9
Van Giesen,Van Giesen,PERSON,-0.052631578947368425,0.052631578947368425,en,1.9
Jade Hindman,Jade Hindman,PERSON,-0.13157894736842105,0.5,en,1.9
Tenaga Nasional Berhad,Tenaga Nasional Berhad,PERSON,-0.0017056530214425087,0.19176413255360628,en,1.9
David Eby,David Eby,PERSON,-0.456140350877193,0.42105263157894735,en,1.9
Patrick Hotze,Patrick Hotze,PERSON,0.10526315789473684,0.17543859649122806,en,1.9
Vinceroy Jordan,Vinceroy Jordan,PERSON,-0.36257309941520477,0.42105263157894735,en,1.9
Sue Minter,Sue Minter,PERSON,0.10366826156299841,0.3309409888357257,en,1.9
Tropical Storm Irene,Tropical Storm Irene,PERSON,0.04146730462519936,0.1323763955342903,en,1.9
Prince Rupert,Prince Rupert,PERSON,-0.06578947368421052,0.19736842105263158,en,1.9
Abigail Merchant,Abigail Merchant,PERSON,0.1298245614035088,0.4842105263157895,en,1.9
Rahimah Sidi,Rahimah Sidi,PERSON,0.18421052631578946,0.2894736842105263,en,1.9
Kampung Sinar Budi Baru,Kampung Sinar Budi Baru,PERSON,0.18421052631578946,0.2894736842105263,en,1.9
Dody Hanggodo,Dody Hanggodo,PERSON,0.5263157894736842,0.19298245614035087,en,1.9
Sungai Ulu Atok,Sungai Ulu Atok,PERSON,0.10526315789473685,0.2719298245614035,en,1.9
Tenaga Nasional,Tenaga Nasional,PERSON,0.13157894736842105,0.14912280701754385,en,1.9
BANDA ACEH,BANDA ACEH,PERSON,0.05701754385964911,0.4078947368421053,en,1.9
Zoe Mintz,Zoe Mintz,PERSON,0.5263157894736842,0.9473684210526316,en,1.9
Datuk Raisin Saidin,Datuk Raisin Saidin,PERSON,0.0,0.0,en,1.9
Getty Images,Getty Images,PERSON,0.27485380116959063,1.0818713450292397,en,1.9
Jessica Burch,Jessica Burch,PERSON,1.0526315789473684,1.4736842105263157,en,1.9
Steve Harvey,Steve Harvey,PERSON,0.5263157894736842,0.15789473684210525,en,1.9
Felipe VI,Felipe VI,PERSON,0.39473684210526316,0.43859649122807015,en,1.9
Pedro Sanchez,Pedro Sanchez,PERSON,-0.030701754385964914,0.17690058479532167,en,1.9
Oliver Sacks,Oliver Sacks,PERSON,0.42105263157894735,0.631578947368421,en,1.9
Saul Bellow,Saul Bellow,PERSON,0.5263157894736842,1.0526315789473684,en,1.9
Andrew Lovitt,Andrew Lovitt,PERSON,-0.05555555555555556,0.05555555555555556,en,1.8
Khagendra Bahadur Khadka,Khagendra Bahadur Khadka,PERSON,-0.11805555555555555,0.2152777777777778,en,1.8
Eyre Peninsula,Eyre Peninsula,PERSON,-0.1111111111111111,0.16666666666666666,en,1.8
Hurricane Lorena,Hurricane Lorena,PERSON,-0.12500000000000003,0.611111111111111,en,1.7999999999999998
JIM GOMEZ,JIM GOMEZ,PERSON,-0.21008403361344535,0.5609243697478992,en,1.7000000000000002
Luigi Mangione,Luigi Mangione,PERSON,0.071078431372549,0.5204248366013072,en,1.7
Michael Snyder,Michael Snyder,PERSON,0.32475490196078427,0.5563725490196079,en,1.7
Abraham Stallins,Abraham Stallins,PERSON,0.11437908496732029,0.5882352941176471,en,1.7
Ligin Joseph,Ligin Joseph,PERSON,-0.29411764705882354,0.5882352941176471,en,1.7
Claes Bang,Claes Bang,PERSON,-0.5624999999999999,0.6180555555555555,en,1.6
Woody Allen,Woody Allen,PERSON,0.3977272727272727,0.9872159090909091,en,1.6
Cho Jung-tai,Cho Jung-tai,PERSON,-0.09523809523809526,0.761904761904762,en,1.4
Cyclone Gezani,Cyclone Gezani,PERSON,-0.4583333333333333,0.641025641025641,en,1.3
Cesar Chavez,Cesar Chavez,PERSON,0.033216783216783216,0.32867132867132864,en,1.3
David Wolff,David Wolff,PERSON,-0.15384615384615385,0.4615384615384615,en,1.3
Cameron Crawford,Cameron Crawford,PERSON,0.0,0.0673076923076923,en,1.3
Stephen McDonell,Stephen McDonell,PERSON,0.0,0.0,en,1.3
Candace Owens,Candace Owens,PERSON,-0.21794871794871792,0.7051282051282052,en,1.3
Barbara Machin,Barbara Machin,PERSON,-0.11538461538461535,0.36324786324786323,en,1.3
Pope Leo XIV,Pope Leo XIV,PERSON,0.0,0.0,en,1.3
Leighton Sterling,Leighton Sterling,PERSON,0.025641025641025633,0.05128205128205128,en,1.3
Iarnród Éireann,Iarnród Éireann,PERSON,0.28846153846153844,1.0576923076923077,en,1.3
Steven Tyler,Steven Tyler,PERSON,0.055555555555555546,0.15277777777777773,en,1.2000000000000002
Maurice Manishimwe,Maurice Manishimwe,PERSON,-0.2569444444444445,0.4236111111111112,en,1.2
Melania Trump,Melania Trump,PERSON,0.5795138888888889,1.401851851851852,en,1.2
Renee Good,Renee Good,PERSON,0.4416666666666667,0.9833333333333335,en,1.2
Edmund Fitzgerald,Edmund Fitzgerald,PERSON,0.5454545454545454,1.0681818181818181,en,1.1
Arthur Anderson,Arthur Anderson,PERSON,0.5454545454545454,1.0681818181818181,en,1.1
Ford LN8000,Ford LN8000,PERSON,0.0,0.0,en,1.1
Cori Bush,Cori Bush,PERSON,-0.09577922077922077,0.6369047619047619,en,1.1
Navin Singh KhadkaEnvironment,Navin Singh KhadkaEnvironment,PERSON,0.053030303030303046,0.9191919191919191,en,1.1
Jonathan Head,Jonathan Head,PERSON,0.0,1.8181818181818181,en,1.1
Monica Showalter,Monica Showalter,PERSON,0.11363636363636363,0.3181818181818181,en,1.1
Hurricane Melissa,Hurricane Melissa,PERSON,-0.3181818181818181,0.9090909090909091,en,1.1
Naftali Bennett,Naftali Bennett,PERSON,0.20346320346320346,1.2337662337662336,en,1.1
Pete Hegseth,Pete Hegseth,PERSON,0.6227272727272726,1.2045454545454546,en,1.1
Ron DeSantis,Ron DeSantis,PERSON,-0.017045454545454548,0.46212121212121204,en,1.1
Scott Bessent,Scott Bessent,PERSON,0.08236914600550962,0.426078971533517,en,1.1
Avalon Pen,Avalon Pen,PERSON,0.21666666666666665,0.36666666666666664,en,1.0
Eddie Murphy,Eddie Murphy,PERSON,0.1340909090909091,0.425,en,1.0
Kallianos - Near,Kallianos - Near,PERSON,-0.11666666666666665,0.5611111111111111,en,1.0
Quy Nhon,Quy Nhon,PERSON,0.0,0.25,en,1.0
John Ruehl,John Ruehl,PERSON,0.03750000000000002,0.375,en,1.0
GIA LAI,GIA LAI,PERSON,0.0,0.25,en,1.0
Ashley Brauweiler,Ashley Brauweiler,PERSON,0.08,0.31999999999999995,en,1.0
Bernardo Rafaelito Alejandro IV,Bernardo Rafaelito Alejandro IV,PERSON,0.015000000000000003,0.355,en,1.0
RMS Lusitania,RMS Lusitania,PERSON,0.06999999999999999,0.14666666666666667,en,1.0
Viktor Orban,Viktor Orban,PERSON,-0.05,0.25,en,1.0
Lina Khan,Lina Khan,PERSON,0.0,0.0,en,1.0
Kevin Hart,Kevin Hart,PERSON,0.30000000000000004,0.7,en,1.0
Sde Teiman,Sde Teiman,PERSON,0.11190476190476191,0.6785714285714285,en,1.0
Paul Pigott,Paul Pigott,PERSON,0.0,0.43333333333333335,en,1.0
Kalmaegi Devastates the Nation,Kalmaegi Devastates the Nation,PERSON,0.11818181818181818,0.37727272727272726,en,1.0
Jeff Horwitz,Jeff Horwitz,PERSON,0.0,0.0,en,1.0
Brian Johnson,Brian Johnson,PERSON,0.0,0.0,en,1.0
"Greg ""Lockie"" Locke","Greg ""Lockie"" Locke",PERSON,0.13636363636363635,0.45454545454545453,en,1.0
Ryan Reynolds,Ryan Reynolds,PERSON,0.1340909090909091,0.425,en,1.0
EMI CalculatorDetermine,EMI CalculatorDetermine,PERSON,0.0,0.0,en,1.0
Jon Porter,Jon Porter,PERSON,0.0,0.0,en,1.0
Desmond McKenz,Desmond McKenz,PERSON,-0.2,0.5,en,1.0
+3553 chars,+3553 chars,PERSON,0.0,0.0,en,1.0
Deep DivesOne,Deep DivesOne,PERSON,0.07777777777777778,0.5666666666666667,en,1.0
Kryvyi Rih,Kryvyi Rih,PERSON,0.0,0.06666666666666667,en,1.0
AccuWeather spe,AccuWeather spe,PERSON,0.0,0.0,en,1.0
Dreame H15,Dreame H15,PERSON,0.0,0.0,en,1.0
Storm Melissa,Storm Melissa,PERSON,0.0,0.0,en,1.0
David Letterman,David Letterman,PERSON,0.0,0.0,en,1.0
Idolina Peralez,Idolina Peralez,PERSON,0.0,0.0,en,1.0
Kim Clear,Kim Clear,PERSON,0.10000000000000002,0.3833333333333333,en,1.0
Millcreek Supervisor,Millcreek Supervisor,PERSON,0.10000000000000002,0.3833333333333333,en,1.0
Keith fis,Keith fis,PERSON,0.0,0.0,en,1.0
Wright Flood,Wright Flood,PERSON,0.0,0.0,en,1.0
Changkat Jering,Changkat Jering,PERSON,-0.1125,0.2375,en,1.0
Andrew Holness,Andrew Holness,PERSON,0.13333333333333333,0.7333333333333334,en,1.0
Arc Raider,Arc Raider,PERSON,0.1572727272727273,0.515,en,1.0
King Felipe,King Felipe,PERSON,-0.06666666666666667,0.35555555555555557,en,1.0
Kirby Air Riders,Kirby Air Riders,PERSON,-0.3333333333333333,0.8666666666666667,en,1.0
Kipchumba Murkomen,Kipchumba Murkomen,PERSON,0.0,0.0,en,1.0
Juan Carlos Montoya Hernandez,Juan Carlos Montoya Hernandez,PERSON,0.0,0.0,en,1.0
Aaron Akaberi,Aaron Akaberi,PERSON,-0.2,0.5,en,1.0
Daniel Villalpando,Daniel Villalpando,PERSON,0.14285714285714285,0.26785714285714285,en,1.0
Tom Nguyen,Tom Nguyen,PERSON,0.14285714285714285,0.26785714285714285,en,1.0
Graham Platner,Graham Platner,PERSON,0.125,0.39166666666666666,en,1.0
Uwan Landfall,Uwan Landfall,PERSON,0.3333333333333333,0.6666666666666666,en,1.0
King Felipe VI,King Felipe VI,PERSON,-0.06666666666666667,0.35555555555555557,en,1.0
Olivia Seaman,Olivia Seaman,PERSON,-0.13333333333333333,0.4000000000000001,en,1.0
Tina Fey,Tina Fey,PERSON,0.1340909090909091,0.425,en,1.0
Amy Poehler,Amy Poehler,PERSON,0.1340909090909091,0.425,en,1.0
Karen Hua,Karen Hua,PERSON,1.15,1.6,en,1.0
BECKY BOHRER,BECKY BOHRER,PERSON,0.0,0.15,en,1.0
Yvette Cooper,Yvette Cooper,PERSON,0.125,0.20833333333333334,en,1.0
Hyrule Warriors,Hyrule Warriors,PERSON,-0.3333333333333333,0.8666666666666667,en,1.0
Hadar Goldin,Hadar Goldin,PERSON,0.0,0.0,en,1.0
Andrew Harnik,Andrew Harnik,PERSON,0.10909090909090909,0.3386363636363636,en,1.0
Jessica Calix,Jessica Calix,PERSON,0.475,0.7,en,1.0
Zach Schonfeld,Zach Schonfeld,PERSON,0.0,0.0,en,1.0
Gaceu et al,Gaceu et al,PERSON,-0.23055555555555554,0.8166666666666668,en,1.0
Mark Vaughn,Mark Vaughn,PERSON,0.3,0.9,en,1.0
Dak Lak,Dak Lak,PERSON,-0.1,0.375,en,1.0
Somar Meteorologia,Somar Meteorologia,PERSON,-0.006249999999999999,0.31875,en,1.0
Alexander Lees,Alexander Lees,PERSON,-0.012499999999999997,0.7,en,1.0
Ben Creek,Ben Creek,PERSON,0.0,0.0,en,1.0
Hai Yat,Hai Yat,PERSON,0.0,0.0,en,1.0
Da Fons,Da Fons,PERSON,0.0,0.0,en,1.0
Kylie Minogue,Kylie Minogue,PERSON,0.13636363636363635,0.45454545454545453,en,1.0
Mark Savage,Mark Savage,PERSON,0.13636363636363635,0.45454545454545453,en,1.0
Khan Younis,Khan Younis,PERSON,0.24999999999999997,0.4,en,1.0
Nora Barrows-FriedmanRights,Nora Barrows-FriedmanRights,PERSON,0.24999999999999997,0.4,en,1.0
Yang Ju,Yang Ju,PERSON,0.29523809523809524,0.5119047619047619,en,1.0
Al Jazeeras Tony Cheng,Al Jazeeras Tony Cheng,PERSON,0.0,0.0,en,1.0
Nuwara Eliya,Nuwara Eliya,PERSON,0.0,0.25,en,1.0
Richard Rowles,Richard Rowles,PERSON,0.0,0.0,en,1.0
Jung Yeon-je,Jung Yeon-je,PERSON,0.0,0.0,en,1.0
Snow Pummels,Snow Pummels,PERSON,0.0,1.0,en,1.0
Babar Mahal,Babar Mahal,PERSON,0.0,0.0,en,1.0
Clare Nullis,Clare Nullis,PERSON,0.425,0.525,en,1.0
Teddy Indra Wijaya,Teddy Indra Wijaya,PERSON,0.4000000000000001,0.6333333333333334,en,1.0
PADANG SIDEMPUAN,PADANG SIDEMPUAN,PERSON,-0.4,0.42666666666666664,en,1.0
Cyclone Senyar,Cyclone Senyar,PERSON,0.0,0.0,en,1.0
Cyclone Ditwah climbe,Cyclone Ditwah climbe,PERSON,0.0,0.0,en,1.0
BEN FINLEY,BEN FINLEY,PERSON,-0.2,0.5,en,1.0
Astudestra Ajengrastri,Astudestra Ajengrastri,PERSON,0.0,0.31666666666666665,en,1.0
Anura Kumara Dissanayake,Anura Kumara Dissanayake,PERSON,0.0,0.0,en,1.0
Molly Malone,Molly Malone,PERSON,0.005681818181818177,0.7272727272727273,en,1.0
Ambrose Bierce,Ambrose Bierce,PERSON,0.0,0.0,en,1.0
Jordan Davies,Jordan Davies,PERSON,0.0,0.1,en,1.0
Cemlyn Davies,Cemlyn Davies,PERSON,0.0,0.1,en,1.0
Black Fr,Black Fr,PERSON,-0.16666666666666666,0.43333333333333335,en,1.0
Tom Jackson,Tom Jackson,PERSON,0.0,0.0,en,1.0
Pro Max,Pro Max,PERSON,0.4166666666666667,0.5,en,1.0
Katie RazzallCulture,Katie RazzallCulture,PERSON,0.0,0.0,en,1.0
Emergency WA,Emergency WA,PERSON,0.5,0.9,en,1.0
Zohran Mam,Zohran Mam,PERSON,0.15,0.3,en,1.0
Typhoon Fung-Wong,Typhoon Fung-Wong,PERSON,0.0,0.8,en,1.0
Lulu Luo,Lulu Luo,PERSON,0.0,1.0,en,1.0
Abby Phillip,Abby Phillip,PERSON,-0.28484848484848474,1.111111111111111,en,1.0
Tyler Kingkade,Tyler Kingkade,PERSON,0.029142857142857116,0.7651428571428571,en,1.0
Katie Razzall,Katie Razzall,PERSON,0.5,0.5,en,1.0
Typhoon Fung-Wong Forces Mass Evacuations,Typhoon Fung-Wong Forces Mass Evacuations,PERSON,-0.15555555555555559,0.2888888888888889,en,1.0
Bontan Ame,Bontan Ame,PERSON,0.0,0.0,en,1.0
Jaskaran Sandhu,Jaskaran Sandhu,PERSON,0.03333333333333333,0.4666666666666666,en,1.0
Bev Fiddler,Bev Fiddler,PERSON,-0.5,1.0,en,1.0
Skyler Henry,Skyler Henry,PERSON,0.0,0.0,en,1.0
ANIRUDDHA GHOSAL,ANIRUDDHA GHOSAL,PERSON,-0.3,0.4,en,1.0
GENE JOHNSON,GENE JOHNSON,PERSON,-0.08333333333333333,0.4666666666666666,en,1.0
Mike Dolan,Mike Dolan,PERSON,0.3,0.4,en,1.0
Brendan Fraser,Brendan Fraser,PERSON,0.4621212121212121,0.5959595959595959,en,1.0
Ferdinand Marcos Jrs,Ferdinand Marcos Jrs,PERSON,-0.30000000000000004,0.275,en,1.0
Esther Louis,Esther Louis,PERSON,0.0,0.0,en,1.0
Wade Rd,Wade Rd,PERSON,0.0,0.0,en,1.0
SH25 KAIMARAMA,SH25 KAIMARAMA,PERSON,0.0,0.0,en,1.0
Eric A,Eric A,PERSON,0.0,0.0,en,1.0
Chester Lampkin,Chester Lampkin,PERSON,-0.1159090909090909,0.4386363636363636,en,1.0
Jehad Alshrafi,Jehad Alshrafi,PERSON,0.0,0.0,en,1.0
Rick Montanez,Rick Montanez,PERSON,0.5,0.5,en,1.0
Jessica Kutz,Jessica Kutz,PERSON,0.375,0.75,en,1.0
Rachel Weisz,Rachel Weisz,PERSON,0.4621212121212121,0.5959595959595959,en,1.0
Yuji Hu,Yuji Hu,PERSON,0.0,0.0,en,1.0
Robert Orben,Robert Orben,PERSON,0.0,0.0,en,1.0
Storm Cl,Storm Cl,PERSON,-0.06666666666666667,0.19999999999999998,en,1.0
Ruth Comerford,Ruth Comerford,PERSON,-0.2,0.5,en,1.0
Christie Johnson,Christie Johnson,PERSON,0.0,0.0,en,1.0
Jodi Rowley,Jodi Rowley,PERSON,0.0,0.0,en,1.0
Alfredo Albee Benitez,Alfredo Albee Benitez,PERSON,0.0,1.625,en,1.0
Heather Nidly,Heather Nidly,PERSON,0.05000000000000002,0.5,en,1.0
Scott Jennings,Scott Jennings,PERSON,-0.42727272727272714,1.6666666666666665,en,1.0
Basmati rice,Basmati rice,PERSON,0.0625,0.5625,en,1.0
Lisa Cook,Lisa Cook,PERSON,-0.1277777777777778,0.19444444444444448,en,1.0
La Niña,La Niña,PERSON,-0.05,0.2,en,1.0
Sharon Elward,Sharon Elward,PERSON,0.0,0.5,en,1.0
Crissa Tolentino,Crissa Tolentino,PERSON,-0.05,0.4,en,1.0
House bas,House bas,PERSON,0.0,0.0,en,1.0
Chen Yaning,Chen Yaning,PERSON,0.0,0.0,en,1.0
Linnea Lueken,Linnea Lueken,PERSON,0.375,0.75,en,1.0
Charlie Kirk Conspiracy,Charlie Kirk Conspiracy,PERSON,0.0,0.0,en,1.0
Vikramjit Singh Sahney,Vikramjit Singh Sahney,PERSON,0.1481818181818182,0.52,en,1.0
Shiloh Ballard,Shiloh Ballard,PERSON,0.0,0.3,en,1.0
Steve Slepcevic,Steve Slepcevic,PERSON,0.0,0.0,en,1.0
Tina Blanco,Tina Blanco,PERSON,0.0,0.0,en,1.0
Johanna Alonso,Johanna Alonso,PERSON,0.05,0.2625,en,1.0
Jimmy Donaldson,Jimmy Donaldson,PERSON,0.0,0.0,en,1.0
Mike Tyson,Mike Tyson,PERSON,1.6166666666666667,1.9333333333333333,en,1.0
Xavier Padilla Aguilera,Xavier Padilla Aguilera,PERSON,0.06666666666666667,0.48888888888888893,en,1.0
Oak Glen,Oak Glen,PERSON,0.0,0.0,en,1.0
Sofie Pearson,Sofie Pearson,PERSON,0.05,0.775,en,1.0
David DuByne,David DuByne,PERSON,0.0,0.0,en,1.0
Desley Simpson,Desley Simpson,PERSON,0.0,0.5,en,1.0
Simon Wilson,Simon Wilson,PERSON,-0.25,0.625,en,1.0
Wayne Brown,Wayne Brown,PERSON,-0.25,0.5,en,1.0
Cile Steward,Cile Steward,PERSON,0.0,0.0,en,1.0
Cornelia Hahn Oberlan,Cornelia Hahn Oberlan,PERSON,0.14285714285714285,0.21428571428571427,en,1.0
Atreyee Mitra,Atreyee Mitra,PERSON,0.0,0.0,en,1.0
maach bhaat,maach bhaat,PERSON,0.625,1.0,en,1.0
Storm Ragasa,Storm Ragasa,PERSON,0.1,0.1,en,1.0
Hajara Wanka,Hajara Wanka,PERSON,0.0,0.0,en,1.0
Indias breadbask,Indias breadbask,PERSON,0.024999999999999967,0.5125,en,1.0
Nicole Valdes,Nicole Valdes,PERSON,0.5,0.9,en,1.0
Xi Jinpings,Xi Jinpings,PERSON,0.0,0.0,en,1.0
Gurvinder Singh,Gurvinder Singh,PERSON,0.06666666666666667,0.19166666666666665,en,1.0
Louis Russell,Louis Russell,PERSON,0.75,0.8999999999999999,en,1.0
Huda Mustafa,Huda Mustafa,PERSON,0.75,0.8999999999999999,en,1.0
YouTuber MrBeast,YouTuber MrBeast,PERSON,0.1,0.4,en,1.0
Garra Rufa,Garra Rufa,PERSON,0.5,0.5,en,1.0
David Schechter,David Schechter,PERSON,-0.25,0.25,en,1.0
Joan Matji,Joan Matji,PERSON,0.0,0.05,en,1.0
Asim Tanveer,Asim Tanveer,PERSON,-0.19,0.49000000000000005,en,1.0
Jeanine Wright,Jeanine Wright,PERSON,-0.07840909090909091,0.4636363636363636,en,1.0
Marco Rubio,Marco Rubio,PERSON,0.0,0.0,en,1.0
Kamal Hyder,Kamal Hyder,PERSON,0.2,0.5,en,1.0
Cyclone Garance,Cyclone Garance,PERSON,-0.1,0.25,en,1.0
Ravi rivers,Ravi rivers,PERSON,0.11818181818181818,0.42727272727272725,en,1.0
Muhammad Shaban Mir,Muhammad Shaban Mir,PERSON,-0.13,0.4600000000000001,en,1.0
Terminal Avenu,Terminal Avenu,PERSON,-0.6999999999999998,0.6666666666666666,en,1.0
Anjali Sivaraman,Anjali Sivaraman,PERSON,-0.09999999999999992,0.8333333333333333,en,1.0
Kampung Rancangan Cocos,Kampung Rancangan Cocos,PERSON,0.35,0.55,en,1.0
Jawatankuasa Kemajuan dan Kese,Jawatankuasa Kemajuan dan Kese,PERSON,0.0,0.0,en,1.0
Thapathali Chowk,Thapathali Chowk,PERSON,0.0,0.0,en,1.0
Manasi Parekh,Manasi Parekh,PERSON,0.1375,0.5375,en,1.0
JP Nadda,JP Nadda,PERSON,0.1375,0.5375,en,1.0
NDA MPs,NDA MPs,PERSON,0.0,0.0,en,1.0
Laughing Squid,Laughing Squid,PERSON,-0.15,0.5,en,1.0
Danai Nesta KupembaLondon,Danai Nesta KupembaLondon,PERSON,-0.5,0.4666666666666666,en,1.0
James Christian,James Christian,PERSON,-0.6666666666666666,1.0,en,1.0
Kgafela Mokoka,Kgafela Mokoka,PERSON,0.0,0.05,en,1.0
Mathilde Vallat,Mathilde Vallat,PERSON,0.0,0.4166666666666667,en,1.0
Miles Parker,Miles Parker,PERSON,0.0,0.4166666666666667,en,1.0
Sehrish Usman,Sehrish Usman,PERSON,0.0,0.4166666666666667,en,1.0
John Seabrooks,John Seabrooks,PERSON,0.0,0.0,en,1.0
Adam Gopnik,Adam Gopnik,PERSON,0.13636363636363635,0.45454545454545453,en,1.0
Bhaiya Tole,Bhaiya Tole,PERSON,-0.05,0.14166666666666666,en,1.0
Cara Ellis,Cara Ellis,PERSON,0.13333333333333333,0.3,en,1.0
Max 95s,Max 95s,PERSON,-0.04791666666666667,0.5666666666666667,en,1.0
LaVerna Moreland,LaVerna Moreland,PERSON,-0.2,0.3,en,1.0
Prince Wi,Prince Wi,PERSON,0.0,0.0,en,1.0
Geoff Calvert,Geoff Calvert,PERSON,-0.4318181818181818,0.7272727272727273,en,1.0
Barbara Calvert,Barbara Calvert,PERSON,0.0,0.0,en,1.0
Nono Kgafela Mokoka,Nono Kgafela Mokoka,PERSON,0.0,0.05,en,1.0
swift Bali,swift Bali,PERSON,0.0,0.0,en,1.0
Tom Moore High School,Tom Moore High School,PERSON,-0.002222222222222218,0.3466666666666667,en,1.0
Bai Byoung-inn,Bai Byoung-inn,PERSON,0.0,1.0,en,1.0
Dan Lanning,Dan Lanning,PERSON,0.21428571428571427,0.42857142857142855,en,1.0
Marie-Pierre St-Onge,Marie-Pierre St-Onge,PERSON,0.5,0.5,en,1.0
Vladimir Putin,Vladimir Putin,PERSON,0.0,0.0,en,1.0
Lilia Ramírez,Lilia Ramírez,PERSON,-0.1875,0.5,en,1.0
Anne South,Anne South,PERSON,0.0,0.0,en,1.0
Gulf Coas,Gulf Coas,PERSON,0.0,0.0,en,1.0
Lilia Ramirez,Lilia Ramirez,PERSON,-0.1875,0.5,en,1.0
Laura Velazquez Alzua,Laura Velazquez Alzua,PERSON,0.0,0.0,en,1.0
Tom Hanson,Tom Hanson,PERSON,0.5,0.9,en,1.0
Mike Le Roux,Mike Le Roux,PERSON,-0.03333333333333335,0.36666666666666664,en,1.0
Franklin Ward,Franklin Ward,PERSON,0.0,0.1,en,1.0
Andy Baker,Andy Baker,PERSON,0.0,0.1,en,1.0
Sam B,Sam B,PERSON,0.09909090909090908,0.6236363636363637,en,1.0
Durga Pujas,Durga Pujas,PERSON,0.19166666666666665,0.5,en,1.0
North Bengal,North Bengal,PERSON,-0.125,1.0,en,1.0
Durga Puja,Durga Puja,PERSON,-0.125,1.0,en,1.0
Alaska floodin,Alaska floodin,PERSON,0.02181818181818181,0.39272727272727276,en,1.0
Raymond tri,Raymond tri,PERSON,0.0,0.0,en,1.0
Ron Jenkins,Ron Jenkins,PERSON,0.0,0.0,en,1.0
Rebecca Elliott,Rebecca Elliott,PERSON,0.06818181818181818,0.3522727272727273,en,1.0
Trigun Stargaze,Trigun Stargaze,PERSON,0.325,0.525,en,1.0
Shiba inu Kabosu,Shiba inu Kabosu,PERSON,0.7,0.8,en,1.0
Storm Benjamin,Storm Benjamin,PERSON,0.0,0.0,en,1.0
Brandon Padilla-Aguilera,Brandon Padilla-Aguilera,PERSON,-0.1,0.1,en,1.0
Michael Beck,Michael Beck,PERSON,0.0,0.0,en,1.0
Chow Kon Y,Chow Kon Y,PERSON,0.0,0.0,en,1.0
GEORGE TOWN,GEORGE TOWN,PERSON,0.09249999999999997,1.2125,en,1.0
Alex Kimani,Alex Kimani,PERSON,-0.024999999999999994,0.475,en,1.0
Minelle Fernandez,Minelle Fernandez,PERSON,0.0,0.0,en,1.0
Scott Smith,Scott Smith,PERSON,0.0,0.06666666666666667,en,1.0
BALTIMORE Claire Pollock,BALTIMORE Claire Pollock,PERSON,0.16166666666666668,0.4241666666666667,en,1.0
Ruth Deidree Boelan,Ruth Deidree Boelan,PERSON,-1.7333333333333334,1.5333333333333332,en,1.0
Samuel Guist,Samuel Guist,PERSON,0.0,0.0,en,1.0
Jeff Swensen,Jeff Swensen,PERSON,0.0,0.375,en,1.0
Noam Galai,Noam Galai,PERSON,0.0,0.375,en,1.0
Beshear sa,Beshear sa,PERSON,0.20833333333333334,0.3,en,1.0
Brendan Mullin-Imagn,Brendan Mullin-Imagn,PERSON,0.03333333333333333,0.3,en,1.0
St Emlyns,St Emlyns,PERSON,0.09047619047619047,0.24047619047619048,en,1.0
Storm Alice,Storm Alice,PERSON,0.0,0.0,en,1.0
Benny Johnson,Benny Johnson,PERSON,0.21428571428571427,0.42857142857142855,en,1.0
Tom Massey,Tom Massey,PERSON,-0.05,0.25,en,1.0
Mamata Bane,Mamata Bane,PERSON,-0.16666666666666666,0.13333333333333333,en,1.0
Adrienne Broaddus,Adrienne Broaddus,PERSON,0.0,0.0,en,1.0
Glenn Youngkin,Glenn Youngkin,PERSON,-0.6375,2.275,en,1.0
Bualoi m,Bualoi m,PERSON,0.0,0.0,en,1.0
Pete Green,Pete Green,PERSON,-0.15000000000000002,0.3125,en,1.0
Yannis Kefalogiannis,Yannis Kefalogiannis,PERSON,0.6666666666666666,1.3611111111111114,en,1.0
Doug Hoar,Doug Hoar,PERSON,0.1,0.3,en,1.0
Storm Gabrielle,Storm Gabrielle,PERSON,0.0,0.0,en,1.0
Yoon Suk Yeol,Yoon Suk Yeol,PERSON,0.0,1.5,en,1.0
Aemet wea,Aemet wea,PERSON,0.0,0.0,en,1.0
Helly Shah,Helly Shah,PERSON,0.0,0.0,en,1.0
Mahayuti Government,Mahayuti Government,PERSON,0.0,0.0,en,1.0
Shiv Sena,Shiv Sena,PERSON,0.0,0.0,en,1.0
Gila Coun,Gila Coun,PERSON,-0.25,0.4,en,1.0
Penn Sta,Penn Sta,PERSON,0.0,0.0,en,1.0
West Bengal,West Bengal,PERSON,-0.2,0.05,en,1.0
Khagen Murmu,Khagen Murmu,PERSON,0.0,0.0,en,1.0
Hannah Norman Lydia Zuraw,Hannah Norman Lydia Zuraw,PERSON,0.0,0.0,en,1.0
BJP MP Khagen Murmu,BJP MP Khagen Murmu,PERSON,-0.3333333333333333,0.6666666666666666,en,1.0
Daniel Chang,Daniel Chang,PERSON,0.0,0.0,en,1.0
Brett Kelman,Brett Kelman,PERSON,0.0,0.0,en,1.0
Jeff Merkley,Jeff Merkley,PERSON,0.25,0.3333333333333333,en,1.0
Bill Cassidy,Bill Cassidy,PERSON,0.25,0.3333333333333333,en,1.0
Mechi Highway,Mechi Highway,PERSON,0.0,0.0,en,1.0
Kulman Ghising,Kulman Ghising,PERSON,0.0,0.2619047619047619,en,1.0
La Nina,La Nina,PERSON,0.049999999999999996,0.23333333333333334,en,1.0
The Mai Kh,The Mai Kh,PERSON,0.0,0.0,en,1.0
Himal Dolakha,Himal Dolakha,PERSON,-0.14027777777777778,0.3319444444444445,en,1.0
Atsuko Sato,Atsuko Sato,PERSON,0.25,0.2833333333333333,en,1.0
Ilam Flood,Ilam Flood,PERSON,0.3333333333333333,0.5,en,1.0
Bharat Karki,Bharat Karki,PERSON,0.0,0.06666666666666667,en,1.0
geoarcheological sur,geoarcheological sur,PERSON,0.2,0.45,en,1.0
Alia Bhatt,Alia Bhatt,PERSON,-0.1125,0.3375,en,1.0
Shraddha Kapoor,Shraddha Kapoor,PERSON,-0.1125,0.3375,en,1.0
Al Jazeeras,Al Jazeeras,PERSON,0.0,0.0,en,1.0
NORTH ACEH,NORTH ACEH,PERSON,-0.06000000000000001,0.45,en,1.0
Ishara Danasekara,Ishara Danasekara,PERSON,0.0,0.0,en,1.0
Jorge Elizaquibel,Jorge Elizaquibel,PERSON,0.5,0.5,en,1.0
Chip Somodevilla,Chip Somodevilla,PERSON,-0.05555555555555556,0.2222222222222222,en,1.0
Brett KelmanA,Brett KelmanA,PERSON,-0.016666666666666663,0.20000000000000004,en,1.0
Ann Arbor,Ann Arbor,PERSON,-0.0375,0.6,en,1.0
Kevin Boxer Moran,Kevin Boxer Moran,PERSON,-0.19166666666666665,0.375,en,1.0
VP Kalla,VP Kalla,PERSON,0.05,0.05,en,1.0
Storm Marta,Storm Marta,PERSON,0.5,0.5,en,1.0
Sineád Morrissey,Sineád Morrissey,PERSON,-0.26666666666666666,0.26666666666666666,en,1.0
Storm Leonardo,Storm Leonardo,PERSON,0.2222222222222222,0.35555555555555557,en,1.0
Clontarf Baths,Clontarf Baths,PERSON,0.0,0.0,en,1.0
Leo Varadkar,Leo Varadkar,PERSON,0.0,0.6,en,1.0
Pádraic Fogarty,Pádraic Fogarty,PERSON,-0.20277777777777778,0.2694444444444445,en,1.0
Michael Fox,Michael Fox,PERSON,0.9,0.9,en,1.0
The Aqua Dam,The Aqua Dam,PERSON,0.0,0.0,en,1.0
Nicola Willis,Nicola Willis,PERSON,-0.18181818181818182,0.4772727272727273,en,1.0
David Monias,David Monias,PERSON,-0.4,0.6,en,1.0
Cyclone Ge,Cyclone Ge,PERSON,0.0,0.0,en,1.0
Cyclone Sean,Cyclone Sean,PERSON,-0.13333333333333333,0.2333333333333333,en,1.0
Nick Shirley,Nick Shirley,PERSON,0.0,0.125,en,1.0
Julianne N,Julianne N,PERSON,0.13636363636363635,0.45454545454545453,en,1.0
lIsola del Sud della,lIsola del Sud della,PERSON,0.07878787878787878,0.6515151515151515,en,1.0
colpito martedì,colpito martedì,PERSON,0.07878787878787878,0.6515151515151515,en,1.0
Leggi SYDNEY,Leggi SYDNEY,PERSON,0.07878787878787878,0.6515151515151515,en,1.0
Platt Bridge,Platt Bridge,PERSON,0.008348794063079772,0.4206864564007421,en,1.0
Ahmad Mukhlis,Ahmad Mukhlis,PERSON,0.0,0.0,en,1.0
Sylvia Morris,Sylvia Morris,PERSON,-0.3111111111111111,0.5555555555555555,en,1.0
BJP Rajya,BJP Rajya,PERSON,0.0,0.0,en,1.0
Emma Hardy,Emma Hardy,PERSON,0.008348794063079772,0.4206864564007421,en,1.0
Matthew Sluka,Matthew Sluka,PERSON,-0.4,0.4,en,1.0
Sharon Shannon,Sharon Shannon,PERSON,0.4444444444444444,0.6444444444444445,en,1.0
Mary Coughlan,Mary Coughlan,PERSON,0.4444444444444444,0.6444444444444445,en,1.0
Jimmy Smyth,Jimmy Smyth,PERSON,0.5,0.5,en,1.0
United Stat,United Stat,PERSON,0.025,0.275,en,1.0
Peacock Docuseries,Peacock Docuseries,PERSON,-0.1875,0.5,en,1.0
Timothy Williams,Timothy Williams,PERSON,0.03333333333333333,0.21666666666666667,en,1.0
Datuk Amar Dr Sim Kui Hian,Datuk Amar Dr Sim Kui Hian,PERSON,0.4222222222222223,0.8222222222222223,en,1.0
Kindling Left,Kindling Left,PERSON,0.1,0.1,en,1.0
Giorgos Tsatrafyll,Giorgos Tsatrafyll,PERSON,0.0,0.0,en,1.0
Till Bärnighausen,Till Bärnighausen,PERSON,-0.05,0.5,en,1.0
Leggi Di,Leggi Di,PERSON,0.5,0.5,en,1.0
Uisce Éireann,Uisce Éireann,PERSON,0.16666666666666666,0.3333333333333333,en,1.0
IARNRÓD ÉIREANN,IARNRÓD ÉIREANN,PERSON,0.0625,0.5,en,1.0
Larut Matang,Larut Matang,PERSON,0.35,0.55,en,1.0
Bola Tinubu,Bola Tinubu,PERSON,0.1875,0.4375,en,1.0
Sarah Redmond,Sarah Redmond,PERSON,0.07878787878787878,0.2515151515151515,en,1.0
Conor Swaine,Conor Swaine,PERSON,0.2,1.0,en,1.0
Anker Solix,Anker Solix,PERSON,0.0,0.0,en,1.0
Al Jazeeras Haru Mutasa,Al Jazeeras Haru Mutasa,PERSON,0.0,0.0,en,1.0
Dewan Orang R,Dewan Orang R,PERSON,0.35,0.55,en,1.0
Tom Fletcher,Tom Fletcher,PERSON,-0.05,0.325,en,1.0
Ross McKee,Ross McKee,PERSON,0.05,0.25,en,1.0
Hayley Halpin,Hayley Halpin,PERSON,0.05,0.25,en,1.0
Pamela Kearns,Pamela Kearns,PERSON,0.4,1.0,en,1.0
Shonga rice,Shonga rice,PERSON,0.0,0.0,en,1.0
inondazioni catastrofiche,inondazioni catastrofiche,PERSON,0.5,0.5,en,1.0
Helen Lumbard,Helen Lumbard,PERSON,-0.05,0.5,en,1.0
Vladimir Zelensky,Vladimir Zelensky,PERSON,-0.008928571428571425,0.48214285714285715,en,1.0
Austen Keith Richardson,Austen Keith Richardson,PERSON,0.0,0.0,en,1.0
Ahmed Eljechtimi,Ahmed Eljechtimi,PERSON,0.16666666666666669,0.3333333333333333,en,1.0
Ahmed EljechtimiRABAT,Ahmed EljechtimiRABAT,PERSON,0.16666666666666669,0.3333333333333333,en,1.0
TAOISEACH MICHEÁL MARTIN,TAOISEACH MICHEÁL MARTIN,PERSON,0.0,0.0,en,1.0
Éireann iss,Éireann iss,PERSON,-0.1,0.25,en,1.0
AI identitie,AI identitie,PERSON,0.09375,0.375,en,1.0
Ashley Manzano,Ashley Manzano,PERSON,0.0,0.05,en,1.0
TÁNAISTE SIMON HARRIS,TÁNAISTE SIMON HARRIS,PERSON,0.0,0.2,en,1.0
Kevin W,Kevin W,PERSON,-0.01666666666666667,0.09166666666666667,en,1.0
Cliff Fitchett,Cliff Fitchett,PERSON,0.016666666666666677,0.5833333333333334,en,1.0
Amirhossein Montazeri,Amirhossein Montazeri,PERSON,0.0,0.0,en,1.0
Noel Carroll,Noel Carroll,PERSON,0.0,0.0,en,1.0
Diarmaid Ferriter,Diarmaid Ferriter,PERSON,0.0,0.0,en,1.0
Sharon Maccanico,Sharon Maccanico,PERSON,0.5,0.6,en,1.0
Cyclone Dikeledi,Cyclone Dikeledi,PERSON,0.03409090909090909,0.38863636363636367,en,1.0
Yao Fang,Yao Fang,PERSON,0.0,0.0,en,1.0
São Paulo,São Paulo,PERSON,0.15,0.45,en,1.0
Josh Simons,Josh Simons,PERSON,0.008348794063079772,0.4206864564007421,en,1.0
GK Reginold,GK Reginold,PERSON,0.0,0.0,en,1.0
Weary Katherine,Weary Katherine,PERSON,0.03125,0.75,en,1.0
Malaysias Sabah,Malaysias Sabah,PERSON,0.0,0.0,en,1.0
Marie Claire,Marie Claire,PERSON,0.15000000000000002,0.35,en,1.0
Dangerous Flooding,Dangerous Flooding,PERSON,-0.175,0.6166666666666667,en,1.0
Adria Arjona,Adria Arjona,PERSON,0.0,0.0,en,1.0
Hawaii‘s Kona,Hawaii‘s Kona,PERSON,0.0,0.0,en,1.0
Gaby Del Valle,Gaby Del Valle,PERSON,0.0,0.0,en,1.0
Sunil Dhaju,Sunil Dhaju,PERSON,0.0,0.06666666666666667,en,1.0
Honolulu Fi,Honolulu Fi,PERSON,0.0,0.0,en,1.0
Maree Tancred,Maree Tancred,PERSON,0.0,0.0,en,1.0
Neama Rahmani,Neama Rahmani,PERSON,0.5,0.8333333333333334,en,1.0
Carrie Bashaw,Carrie Bashaw,PERSON,-0.5,0.9,en,1.0
Lia Finocchia,Lia Finocchia,PERSON,0.0,0.0,en,1.0
Lia Finocchiarohas,Lia Finocchiarohas,PERSON,0.3333333333333333,0.4166666666666667,en,1.0
Sam Parry,Sam Parry,PERSON,0.35,0.35,en,1.0
Chris Duffy,Chris Duffy,PERSON,0.0,0.0,en,1.0
Melanie Lee,Melanie Lee,PERSON,-0.25,0.4444444444444444,en,1.0
Jared Hewitts co,Jared Hewitts co,PERSON,0.0,0.06666666666666667,en,1.0
Shaun Gill,Shaun Gill,PERSON,0.32857142857142857,0.6452380952380952,en,1.0
ByJustine Calma,ByJustine Calma,PERSON,0.0,0.0,en,1.0
Ashray Urs,Ashray Urs,PERSON,0.0,0.0,en,1.0
Apapa Local Government Area,Apapa Local Government Area,PERSON,0.049999999999999996,0.225,en,1.0
Cyclone Vaianu,Cyclone Vaianu,PERSON,-0.4318181818181818,0.7272727272727273,en,1.0
Othman Belbeisi,Othman Belbeisi,PERSON,-0.019999999999999997,0.18,en,1.0
Mmiata Anam,Mmiata Anam,PERSON,0.1,0.4,en,1.0
Televisao Publica de Angola,Televisao Publica de Angola,PERSON,-0.00833333333333334,0.2027777777777778,en,1.0
Eric Klinenberg,Eric Klinenberg,PERSON,0.0,0.24107142857142858,en,1.0
Dillon Dingler,Dillon Dingler,PERSON,-0.038095238095238106,0.3119047619047619,en,1.0
Zach McKinstry,Zach McKinstry,PERSON,-0.038095238095238106,0.3119047619047619,en,1.0
Te Tai Tokerau,Te Tai Tokerau,PERSON,0.65,0.625,en,1.0
Rosalie Liddle,Rosalie Liddle,PERSON,0.0,0.0,en,1.0
Metallica Coming,Metallica Coming,PERSON,-0.2916666666666667,0.5416666666666666,en,1.0
Oli Scarff,Oli Scarff,PERSON,0.16666666666666666,0.4166666666666667,en,1.0
Beach Violin,Beach Violin,PERSON,0.0,0.0,en,1.0
Patonga H,Patonga H,PERSON,0.0,0.0,en,1.0
Mandy Leong,Mandy Leong,PERSON,-0.2,0.4,en,1.0
Daniel Pender,Daniel Pender,PERSON,-0.0625,0.475,en,1.0
Makerfield MP,Makerfield MP,PERSON,0.008348794063079772,0.4206864564007421,en,1.0
Thomas Herridge,Thomas Herridge,PERSON,0.1,0.7,en,1.0
Kg Lubang Buaya,Kg Lubang Buaya,PERSON,0.0,0.0,en,1.0
Sunita Rahman,Sunita Rahman,PERSON,0.0,0.0,en,1.0
Mike Pettit,Mike Pettit,PERSON,0.5,0.5,en,1.0
Waip Mayor,Waip Mayor,PERSON,0.5,0.5,en,1.0
Suzette Smith,Suzette Smith,PERSON,0.18333333333333335,0.3,en,1.0
Carl Smith,Carl Smith,PERSON,0.0,0.0,en,1.0
Storm Pedro,Storm Pedro,PERSON,0.25,0.25,en,1.0
Perak Mentri Besar,Perak Mentri Besar,PERSON,0.0,0.0,en,1.0
Andrew Catchpole,Andrew Catchpole,PERSON,0.0,0.0,en,1.0
Monty Don,Monty Don,PERSON,0.0,0.5,en,1.0
Mengabang Telipot,Mengabang Telipot,PERSON,0.42500000000000004,1.2416666666666667,en,1.0
Sarah Keith-Lucas,Sarah Keith-Lucas,PERSON,-0.1,0.4,en,1.0
UFA Fiction,UFA Fiction,PERSON,-0.19999999999999996,0.3222222222222222,en,1.0
Jakob Joseph,Jakob Joseph,PERSON,0.0,0.0,en,1.0
Juan Orlando,Juan Orlando,PERSON,0.35714285714285715,0.5714285714285714,en,1.0
gram sabha,gram sabha,PERSON,0.0,0.0,en,1.0
Paul Birdsong,Paul Birdsong,PERSON,-0.007575757575757576,0.378219696969697,en,1.0
Thomas Wyness,Thomas Wyness,PERSON,0.13,0.45999999999999996,en,1.0
Jonathan Ross,Jonathan Ross,PERSON,0.18,0.38,en,1.0
Claudio Pramana,Claudio Pramana,PERSON,0.0,0.0,en,1.0
Ron Powell,Ron Powell,PERSON,0.0,0.0,en,1.0
Fabio Ochoa Vásquez,Fabio Ochoa Vásquez,PERSON,-0.09999999999999999,0.44999999999999996,en,1.0
Zinyange Auntony,Zinyange Auntony,PERSON,0.25,0.25,en,1.0
BS Yediyurappa,BS Yediyurappa,PERSON,0.13333333333333333,0.32222222222222224,en,1.0
Ben Rich,Ben Rich,PERSON,0.154,0.579,en,1.0
Erika Kirk,Erika Kirk,PERSON,-0.13333333333333333,0.36666666666666664,en,1.0
Brydie Payten,Brydie Payten,PERSON,0.05000000000000002,0.5,en,1.0
RayNeo Air 3s,RayNeo Air 3s,PERSON,0.0,0.0,en,1.0
TCL Nxtwear Gs,TCL Nxtwear Gs,PERSON,0.0,0.0,en,1.0
Kyriakos Mitsotakis,Kyriakos Mitsotakis,PERSON,-0.03125,0.21875,en,1.0
Cyclone Jasper,Cyclone Jasper,PERSON,0.31666666666666665,0.5294871794871795,en,1.0
Scott Ruskan,Scott Ruskan,PERSON,0.3333333333333333,1.0,en,1.0
Dún Laoghaire,Dún Laoghaire,PERSON,0.0,0.0,en,1.0
Conor Dowling,Conor Dowling,PERSON,0.0,0.30000000000000004,en,1.0
Cecilia Daly,Cecilia Daly,PERSON,0.11666666666666664,0.6166666666666667,en,1.0
Zohran Ma,Zohran Ma,PERSON,0.0,0.0,en,1.0
AbdulRahman AbdulRazaq,AbdulRahman AbdulRazaq,PERSON,0.0,0.0,en,1.0
Mrs Alimot Adetoro,Mrs Alimot Adetoro,PERSON,0.25,0.25,en,1.0
Simon Atkinson,Simon Atkinson,PERSON,0.0,0.0,en,1.0
Andreessen Horowitz,Andreessen Horowitz,PERSON,-0.13333333333333333,0.23333333333333334,en,1.0
Austin American-Statesman,Austin American-Statesman,PERSON,0.0,0.0,en,1.0
John Duric,John Duric,PERSON,0.0,0.0,en,1.0
Endau Fire and,Endau Fire and,PERSON,0.0,0.0,en,1.0
Datuk Fahmi Fadzil,Datuk Fahmi Fadzil,PERSON,0.0645,0.46799999999999997,en,1.0
Noah Andrew Sr,Noah Andrew Sr,PERSON,-0.3,0.6,en,1.0
Mohammed V hos,Mohammed V hos,PERSON,0.0,0.4,en,1.0
Datuk Seri Dr Ahmad Z,Datuk Seri Dr Ahmad Z,PERSON,0.15,0.2833333333333334,en,1.0
NJOY Ace,NJOY Ace,PERSON,0.0,2.0,en,1.0
Sherrone Moore,Sherrone Moore,PERSON,0.0,0.0,en,1.0
Taylor Swift,Taylor Swift,PERSON,0.21212121212121213,0.3181818181818182,en,1.0
David Crisafulli,David Crisafulli,PERSON,0.31666666666666665,1.5833333333333333,en,1.0
Margaret Clark,Margaret Clark,PERSON,-0.75,0.75,en,1.0
Rona McClure,Rona McClure,PERSON,-0.75,0.75,en,1.0
Priya Sharma,Priya Sharma,PERSON,-0.1,0.3,en,1.0
Vancouver Sun,Vancouver Sun,PERSON,0.05,0.4,en,1.0
Isaac Williams,Isaac Williams,PERSON,0.128125,0.2875,en,1.0
ClackCo AlertsClackamas,ClackCo AlertsClackamas,PERSON,0.06666666666666667,0.3476190476190476,en,1.0
Bishop Antonius Subianto Bunjamin,Bishop Antonius Subianto Bunjamin,PERSON,0.0,0.0,en,1.0
Fredy Rante Taruk,Fredy Rante Taruk,PERSON,0.0,0.0,en,1.0
Patrick Hotzes,Patrick Hotzes,PERSON,0.09999999999999999,0.16666666666666666,en,1.0
Rob Marciano h,Rob Marciano h,PERSON,0.0,0.0,en,1.0
Ahmed Saba,Ahmed Saba,PERSON,0.19999999999999998,0.2333333333333333,en,1.0
Charles Duell,Charles Duell,PERSON,0.0,0.0,en,1.0
Chris Wood,Chris Wood,PERSON,0.0,0.0,en,1.0
Jared Polishis,Jared Polishis,PERSON,0.3,0.5,en,1.0
Hannah Ritchie &amp,Hannah Ritchie &amp,PERSON,0.05416666666666667,0.5,en,1.0
Oscar Ling,Oscar Ling,PERSON,0.2569444444444444,0.7088888888888889,en,1.0
Joseph Siemandel,Joseph Siemandel,PERSON,-0.125,0.19722222222222222,en,1.0
JOHOR BAHRU,JOHOR BAHRU,PERSON,-0.1,0.1,en,1.0
Arumugam Manikavalli,Arumugam Manikavalli,PERSON,-0.3333333333333333,0.625,en,1.0
Yves Herman,Yves Herman,PERSON,0.05,0.2,en,1.0
Adam Gray,Adam Gray,PERSON,0.18181818181818182,0.42272727272727273,en,1.0
Jonathan GeddesGlasgow,Jonathan GeddesGlasgow,PERSON,-0.75,0.75,en,1.0
Gages Slough,Gages Slough,PERSON,0.13825757575757575,0.275,en,1.0
Emmerson Mnangagwas,Emmerson Mnangagwas,PERSON,0.06818181818181818,0.22727272727272727,en,1.0
Corteva Agriscience,Corteva Agriscience,PERSON,0.08125,0.45,en,1.0
Dr Mich,Dr Mich,PERSON,-0.1,0.4,en,1.0
Alvarez-Sala Torreano J,Alvarez-Sala Torreano J,PERSON,0.0,0.0,en,1.0
Katic P,Katic P,PERSON,0.0,0.0,en,1.0
Jenkins A,Jenkins A,PERSON,0.0,0.0,en,1.0
nan Citation,nan Citation,PERSON,0.0,0.0,en,1.0
Nick Honachefsky,Nick Honachefsky,PERSON,0.022222222222222237,0.5333333333333333,en,1.0
Brandon Scott,Brandon Scott,PERSON,0.0,0.3,en,1.0
Senyar Swamps Sumatra,Senyar Swamps Sumatra,PERSON,0.0,0.0,en,1.0
Kendrick Lamars,Kendrick Lamars,PERSON,0.40277777777777773,0.6805555555555555,en,1.0
Josh Stein,Josh Stein,PERSON,0.0,0.0,en,1.0
Mario Tama,Mario Tama,PERSON,-0.05555555555555555,0.022222222222222223,en,1.0
Jerry Gaggiano,Jerry Gaggiano,PERSON,-0.5,1.0,en,1.0
TUNDE OYEKOLA,TUNDE OYEKOLA,PERSON,0.5925925925925924,0.9888888888888887,en,1.0
Sari Bashi,Sari Bashi,PERSON,0.0,0.0,en,1.0
Sabah Educati,Sabah Educati,PERSON,0.0,0.0,en,1.0
Banda Aceh,Banda Aceh,PERSON,0.0,0.06666666666666667,en,1.0
ROBERTO SCHMIDT,ROBERTO SCHMIDT,PERSON,-0.3,0.6,en,1.0
Lucy WilliamsonMiddle East,Lucy WilliamsonMiddle East,PERSON,0.4,0.75,en,1.0
Dr Christopher England,Dr Christopher England,PERSON,0.5,0.5,en,1.0
Jeffrey Kitingan,Jeffrey Kitingan,PERSON,0.10000000000000002,0.3833333333333333,en,1.0
Eric Bruchman,Eric Bruchman,PERSON,0.4,0.9,en,1.0
Hamilton Sivula,Hamilton Sivula,PERSON,0.4,0.9,en,1.0
Eranga Jayawardena,Eranga Jayawardena,PERSON,-0.25,0.25,en,1.0
Steven Wright,Steven Wright,PERSON,0.0,0.0,en,1.0
Ebo Noah,Ebo Noah,PERSON,-0.2,0.5,en,1.0
Matt Wreden,Matt Wreden,PERSON,-0.125,0.375,en,1.0
Wan Kamarudin Wan Ahmad,Wan Kamarudin Wan Ahmad,PERSON,-0.2,0.15000000000000002,en,1.0
Muhammad Hafidz,Muhammad Hafidz,PERSON,0.21666666666666667,0.6,en,1.0
Wan Kamarudin Wan Ahmad s,Wan Kamarudin Wan Ahmad s,PERSON,-0.2,0.15000000000000002,en,1.0
Danielle Kurtzleben,Danielle Kurtzleben,PERSON,0.0,0.0,en,1.0
Megan Seling,Megan Seling,PERSON,-0.2,0.5,en,1.0
Indonesias Aceh Tamiang,Indonesias Aceh Tamiang,PERSON,-0.6,0.7,en,1.0
Jonathan Lemire,Jonathan Lemire,PERSON,0.0,0.0,en,1.0
Jessica Washington,Jessica Washington,PERSON,-0.6,0.7,en,1.0
Dec ‌24,Dec ‌24,PERSON,0.0,0.0,en,1.0
Hinchinbrook S,Hinchinbrook S,PERSON,-0.0031250000000000028,0.46875,en,1.0
Ariel Cohen,Ariel Cohen,PERSON,-0.002272727272727265,0.5477272727272727,en,1.0
Donald Trump’s,Donald Trump’s,PERSON,0.05,0.12666666666666665,en,1.0
Ciji Graham,Ciji Graham,PERSON,0.125,0.375,en,1.0
Nicolás Maduro,Nicolás Maduro,PERSON,-0.35,0.5,en,1.0
che ospita,che ospita,PERSON,0.0,0.0,en,1.0
facendo crollare le,facendo crollare le,PERSON,0.0,0.0,en,1.0
allagando centinaia di tende,allagando centinaia di tende,PERSON,0.0,0.0,en,1.0
Gaza martedì,Gaza martedì,PERSON,0.0,0.0,en,1.0
Dawoud Abu Elkas,Dawoud Abu Elkas,PERSON,0.0,0.0,en,1.0
Leggi Di Nidal al-Mughrabi,Leggi Di Nidal al-Mughrabi,PERSON,0.0,0.0,en,1.0
Nidal al-Mughrabi,Nidal al-Mughrabi,PERSON,0.0,0.0,en,1.0
Cowichan Valley,Cowichan Valley,PERSON,0.0,1.0,en,1.0
Mozambican Rosita,Mozambican Rosita,PERSON,0.025,0.4,en,1.0
Rosita Salvador,Rosita Salvador,PERSON,0.0,0.1,en,1.0
Saidin anno,Saidin anno,PERSON,0.0,0.0,en,1.0
Kota Kinabaluaffected,Kota Kinabaluaffected,PERSON,0.35,0.55,en,1.0
Kota Kinabalu,Kota Kinabalu,PERSON,0.0,0.0,en,1.0
Evan McMorris-Santoro,Evan McMorris-Santoro,PERSON,0.2,0.2,en,1.0
Alex Kelly,Alex Kelly,PERSON,0.0,0.0,en,1.0
Grace Hie Yoon,Grace Hie Yoon,PERSON,0.0,0.0,en,1.0
Jen Pskai,Jen Pskai,PERSON,0.06666666666666667,0.13333333333333333,en,1.0
Gen Zers,Gen Zers,PERSON,0.3333333333333333,0.6333333333333333,en,1.0
Arion Thiboumery,Arion Thiboumery,PERSON,-0.15833333333333335,0.09166666666666667,en,1.0
Abdul Muhari,Abdul Muhari,PERSON,-0.2,0.025,en,1.0
Thames Water,Thames Water,PERSON,0.0,0.3,en,1.0
Kim McNaughton,Kim McNaughton,PERSON,0.1,0.4,en,1.0
Dana Kirkpatrick,Dana Kirkpatrick,PERSON,0.0,0.0,en,1.0
Waioweka Gorge,Waioweka Gorge,PERSON,0.5,0.5,en,1.0
Jeff Hurd,Jeff Hurd,PERSON,0.06666666666666667,0.06666666666666667,en,1.0
Andile Mngwevu,Andile Mngwevu,PERSON,0.0,0.0,en,1.0
Daniel Chapo,Daniel Chapo,PERSON,-0.0625,0.1875,en,1.0
Emmanuel Kwizera,Emmanuel Kwizera,PERSON,0.0,0.0,en,1.0
Jasmine Ketibuah-FoleyBBC,Jasmine Ketibuah-FoleyBBC,PERSON,0.28125,0.5625,en,1.0
Waioeka Gorge,Waioeka Gorge,PERSON,0.2,0.3,en,1.0
Andrew Faces Forced Exit,Andrew Faces Forced Exit,PERSON,0.01742424242424241,0.3053030303030303,en,1.0
Pramod Sawant,Pramod Sawant,PERSON,0.0,0.0,en,1.0
Porkan Abang Bu,Porkan Abang Bu,PERSON,0.0,0.0,en,1.0
Abang Mohamad,Abang Mohamad,PERSON,0.0,0.0,en,1.0
Johnstown Flood M,Johnstown Flood M,PERSON,0.0,0.0,en,1.0
Joseph Prezioso,Joseph Prezioso,PERSON,0.2,0.35,en,1.0
Harini Amarasuriya,Harini Amarasuriya,PERSON,0.0,0.3,en,1.0
Yahya Oweis,Yahya Oweis,PERSON,0.1333333333333333,0.5583333333333333,en,1.0
Storm Herminia,Storm Herminia,PERSON,-0.65,0.6,en,1.0
Mukim Nangoh,Mukim Nangoh,PERSON,0.355,1.1225,en,1.0
SecDef Hegseth,SecDef Hegseth,PERSON,0.225,0.6,en,1.0
Walter Reed,Walter Reed,PERSON,0.7,0.9,en,1.0
Ahmad Zahid Ha,Ahmad Zahid Ha,PERSON,0.11666666666666665,0.6,en,1.0
Datuk Seri Fadillah Yusof,Datuk Seri Fadillah Yusof,PERSON,0.35,0.55,en,1.0
KOTA MARUDU,KOTA MARUDU,PERSON,-0.47,0.8300000000000001,en,1.0
Samantha Chaney,Samantha Chaney,PERSON,0.5,0.5,en,1.0
KHAN YOUNIS,KHAN YOUNIS,PERSON,-0.06666666666666665,0.6,en,1.0
Shane Kennedy,Shane Kennedy,PERSON,0.0,0.0,en,1.0
Queenslands northwest,Queenslands northwest,PERSON,0.0,0.0,en,1.0
Amir Givati,Amir Givati,PERSON,0.0,0.0,en,1.0
Fatimah Mahmud,Fatimah Mahmud,PERSON,0.0,0.0,en,1.0
John Elliot,John Elliot,PERSON,0.5,0.5,en,1.0
Edouard Beigbeder,Edouard Beigbeder,PERSON,-0.0625,0.1875,en,1.0
Nanta Linggi,Nanta Linggi,PERSON,0.8250000000000001,1.6500000000000001,en,1.0
Arif Pujianto,Arif Pujianto,PERSON,0.0,0.0,en,1.0
John De Asis,John De Asis,PERSON,0.19999999999999998,0.6333333333333333,en,1.0
Datuk Shahel,Datuk Shahel,PERSON,0.0,0.0,en,1.0
Peggy Noonan,Peggy Noonan,PERSON,0.0,0.06666666666666667,en,1.0
Noah Cyrus Hot Shots to,Noah Cyrus Hot Shots to,PERSON,0.3125,0.8500000000000001,en,1.0
north Georg,north Georg,PERSON,0.5,0.5,en,1.0
Wanda Batten,Wanda Batten,PERSON,-0.1,0.25,en,1.0
Jared Huffman,Jared Huffman,PERSON,0.0,0.0,en,1.0
Datuk Seri Alexander,Datuk Seri Alexander,PERSON,0.35,0.55,en,1.0
Marcus Baram,Marcus Baram,PERSON,0.004166666666666666,0.37083333333333335,en,1.0
Ronald Reagan speechwri,Ronald Reagan speechwri,PERSON,0.0,0.0,en,1.0
CORTE MADERA,CORTE MADERA,PERSON,0.15333333333333332,0.5133333333333333,en,1.0
River Kaduna,River Kaduna,PERSON,-0.5,0.5,en,1.0
Cody Rogers,Cody Rogers,PERSON,0.0,0.0,en,1.0
prophet Ebo Noah,prophet Ebo Noah,PERSON,0.10833333333333334,0.27499999999999997,en,1.0
Julia Nikhinson,Julia Nikhinson,PERSON,0.0,0.3,en,1.0
MLA Tarigami,MLA Tarigami,PERSON,0.0,0.0,en,1.0
Chris Hayes,Chris Hayes,PERSON,0.18,0.38666666666666666,en,1.0
Linda Mangalathu,Linda Mangalathu,PERSON,0.27499999999999997,0.39999999999999997,en,1.0
Tony Buttsworth,Tony Buttsworth,PERSON,0.0,0.0,en,1.0
Heather Middleton,Heather Middleton,PERSON,-0.18333333333333335,0.375,en,1.0
Dan Patch,Dan Patch,PERSON,-0.18333333333333335,0.375,en,1.0
Ghinni Ghinni,Ghinni Ghinni,PERSON,-0.18333333333333335,0.375,en,1.0
Carla McKern,Carla McKern,PERSON,0.5,0.5,en,1.0
Charmayne Allison,Charmayne Allison,PERSON,0.3181818181818182,0.6772727272727272,en,1.0
Alex Lim,Alex Lim,PERSON,-0.26590909090909093,0.5886363636363636,en,1.0
David Littleproud,David Littleproud,PERSON,-0.7,0.2,en,1.0
CM DK Shivakumar,CM DK Shivakumar,PERSON,0.1,0.1,en,1.0
Seeanna Briscoe,Seeanna Briscoe,PERSON,0.0,0.0,en,1.0
Luke Cooper,Luke Cooper,PERSON,0.3181818181818182,0.6772727272727272,en,1.0
Poppy Goulden,Poppy Goulden,PERSON,0.0,0.0,en,1.0
James Chater,James Chater,PERSON,-0.02873376623376624,0.2863636363636363,en,1.0
Ottilie Mitchell,Ottilie Mitchell,PERSON,-0.02873376623376624,0.2863636363636363,en,1.0
Himanta Biswa Sarma,Himanta Biswa Sarma,PERSON,-0.6357142857142857,3.388095238095238,en,1.0
David Knowles,David Knowles,PERSON,0.0,0.0,en,1.0
Sitio Tamburong,Sitio Tamburong,PERSON,0.03333333333333333,0.5,en,1.0
CHIANG MAI,CHIANG MAI,PERSON,0.0,0.0,en,1.0
John Duncan,John Duncan,PERSON,-0.03333333333333333,0.0,en,1.0
Sara Gonzales,Sara Gonzales,PERSON,-0.3,0.7333333333333334,en,1.0
Azeezat Olaoluwa,Azeezat Olaoluwa,PERSON,0.0,0.0,en,1.0
Justine Adhiambo Obura,Justine Adhiambo Obura,PERSON,0.0,0.0,en,1.0
Al Jazeeras Ahmed Idris,Al Jazeeras Ahmed Idris,PERSON,0.0,0.0,en,1.0
Mouni Roys golden saree,Mouni Roys golden saree,PERSON,0.4625,0.75,en,1.0
Anant Gadgil,Anant Gadgil,PERSON,-0.125,0.375,en,1.0
Acharya Atre Chowk,Acharya Atre Chowk,PERSON,-0.1625,0.4375,en,1.0
Acharya Atre chowk,Acharya Atre chowk,PERSON,0.0,0.0,en,1.0
Aishwarya Rai,Aishwarya Rai,PERSON,0.35000000000000003,0.3333333333333333,en,1.0
Husseini Isah,Husseini Isah,PERSON,0.0,0.0,en,1.0
DK Shivakumar,DK Shivakumar,PERSON,0.0,0.0,en,1.0
Chao Phraya,Chao Phraya,PERSON,0.0,0.0,en,1.0
Margo Sheppard,Margo Sheppard,PERSON,0.011111111111111118,0.2111111111111111,en,1.0
Ron Weasley,Ron Weasley,PERSON,0.23,0.87,en,1.0
Hermione Granger,Hermione Granger,PERSON,0.23,0.87,en,1.0
Harry Potter,Harry Potter,PERSON,0.3916666666666667,1.2941666666666667,en,1.0
Lakshmi Menons,Lakshmi Menons,PERSON,0.3035714285714286,0.625,en,1.0
CM Shivakumar,CM Shivakumar,PERSON,0.0,0.0,en,1.0
Michael Brennan,Michael Brennan,PERSON,-0.05,0.85,en,1.0
Ali QM,Ali QM,PERSON,0.0,0.0,en,1.0
Robert Ray,Robert Ray,PERSON,0.75,0.75,en,1.0
Will Roberts,Will Roberts,PERSON,0.0,0.0,en,1.0
Marissa Torre,Marissa Torre,PERSON,0.0,0.0,en,1.0
Ari Sarsalari,Ari Sarsalari,PERSON,0.0,0.0,en,1.0
Linus Torvalds,Linus Torvalds,PERSON,0.0,0.06666666666666667,en,1.0
PLoS Negl Trop,PLoS Negl Trop,PERSON,0.0,0.0,en,1.0
Munir T,Munir T,PERSON,0.0,0.0,en,1.0
Ahmed K,Ahmed K,PERSON,0.0,0.0,en,1.0
CM Siddaramaiah,CM Siddaramaiah,PERSON,0.0,0.0,en,1.0
Iqbal NT,Iqbal NT,PERSON,0.0,0.0,en,1.0
Soaking Rain,Soaking Rain,PERSON,0.0,1.0,en,1.0
Abdinasir Hirsi Idle,Abdinasir Hirsi Idle,PERSON,0.0,0.0,en,1.0
Wang Nam Khiao,Wang Nam Khiao,PERSON,-0.2,0.05,en,1.0
Daniel Stenberg,Daniel Stenberg,PERSON,0.7999999999999999,1.2333333333333334,en,1.0
Vincent Asamoah Oppong,Vincent Asamoah Oppong,PERSON,0.0,0.0,en,1.0
James Bay,James Bay,PERSON,0.25,0.3333333333333333,en,1.0
Kyle Elliott,Kyle Elliott,PERSON,0.5,0.5,en,1.0
Verdugo Wash,Verdugo Wash,PERSON,0.19062500000000002,0.6833333333333333,en,1.0
Michael Van Valkenburgh Associates,Michael Van Valkenburgh Associates,PERSON,0.053125000000000006,0.35000000000000003,en,1.0
Michael Van Valkenburgh,Michael Van Valkenburgh,PERSON,0.053125000000000006,0.35000000000000003,en,1.0
Jack Wallen,Jack Wallen,PERSON,0.0,0.0,en,1.0
Le Lavandou,Le Lavandou,PERSON,0.0,0.0,en,1.0
Brandon Johnson,Brandon Johnson,PERSON,0.0,0.30000000000000004,en,1.0
Jayanta Mallabaruah,Jayanta Mallabaruah,PERSON,0.17407407407407408,0.4037037037037037,en,1.0
Busch Stadiu,Busch Stadiu,PERSON,-0.07380952380952381,0.31587301587301586,en,1.0
Brendan Donovan,Brendan Donovan,PERSON,-0.07380952380952381,0.31587301587301586,en,1.0
Lars Nootbaar,Lars Nootbaar,PERSON,-0.07380952380952381,0.31587301587301586,en,1.0
Sonny Gray,Sonny Gray,PERSON,0.0,0.0,en,1.0
River Murray,River Murray,PERSON,0.18229166666666666,0.4583333333333333,en,1.0
Mike Fuller,Mike Fuller,PERSON,0.18229166666666666,0.4583333333333333,en,1.0
SEAMUS RAFTER BRIDGE,SEAMUS RAFTER BRIDGE,PERSON,0.0,0.0,en,1.0
Seamus Rafter Bridge,Seamus Rafter Bridge,PERSON,0.0,0.0,en,1.0
Tabitha Crowder,Tabitha Crowder,PERSON,0.0,0.0,en,1.0
Niharika Konidelas,Niharika Konidelas,PERSON,0.0,0.0,en,1.0
Sean Scott,Sean Scott,PERSON,0.0,0.0,en,1.0
predawn rainfa,predawn rainfa,PERSON,0.0,0.0,en,1.0
Mae Sai,Mae Sai,PERSON,0.2,0.26666666666666666,en,1.0
Prasuti Griha,Prasuti Griha,PERSON,0.0,0.0,en,1.0
Richard Stallman,Richard Stallman,PERSON,0.1238888888888889,0.3527777777777778,en,1.0
Erick Fedde,Erick Fedde,PERSON,0.0,0.0,en,1.0
Gregor Paul,Gregor Paul,PERSON,0.0,0.0,en,1.0
cullen bunn,cullen bunn,PERSON,-0.19999999999999998,0.6333333333333333,en,1.0
Cullen Bunn,Cullen Bunn,PERSON,-0.6,1.2555555555555555,en,1.0
Barry Becomes Tropical Storm,Barry Becomes Tropical Storm,PERSON,0.0,0.0,en,1.0
Rand Paul,Rand Paul,PERSON,0.0,0.5,en,1.0
Luna Rossa,Luna Rossa,PERSON,0.8181818181818181,0.9772727272727273,en,1.0
Amanda Caswell,Amanda Caswell,PERSON,0.0,0.0,en,1.0
Erick wea,Erick wea,PERSON,0.15833333333333333,0.35000000000000003,en,1.0
Shehzad Mahboob,Shehzad Mahboob,PERSON,0.0,0.0,en,1.0
Sweet Dreams,Sweet Dreams,PERSON,0.6666666666666666,0.8666666666666667,en,1.0
Scott Kelly,Scott Kelly,PERSON,0.0,0.0,en,1.0
Masryani Mansyu,Masryani Mansyu,PERSON,0.0,0.0,en,1.0
Zoe Morris,Zoe Morris,PERSON,0.0,0.0,en,1.0
Patrick Morrissey,Patrick Morrissey,PERSON,0.0,0.0,en,1.0
Joe Cash,Joe Cash,PERSON,0.10700000000000001,0.458,en,1.0
Andrew Heaney,Andrew Heaney,PERSON,-0.5,0.29999999999999993,en,1.0
Zohran Mamdani,Zohran Mamdani,PERSON,0.5318181818181817,1.4352272727272728,en,1.0
Zhang Guoqing,Zhang Guoqing,PERSON,0.0,0.0,en,1.0
Lovish Anand,Lovish Anand,PERSON,0.0,0.125,en,1.0
Xavier Ramirez,Xavier Ramirez,PERSON,0.0,0.025,en,1.0
Paul Cobler,Paul Cobler,PERSON,0.0,0.0,en,1.0
Omid Ghasemi,Omid Ghasemi,PERSON,0.23125,1.0750000000000002,en,1.0
Alligator Alcatraz,Alligator Alcatraz,PERSON,-0.21666666666666667,0.3833333333333333,en,1.0
‘Alligator Alcatraz’,‘Alligator Alcatraz’,PERSON,-0.21666666666666667,0.3833333333333333,en,1.0
Christopher Flowers,Christopher Flowers,PERSON,0.0,0.0,en,1.0
Lila Bonner,Lila Bonner,PERSON,-0.06499999999999997,0.7725,en,1.0
Ben Noll,Ben Noll,PERSON,0.3333333333333333,1.0,en,1.0
Eric Gay,Eric Gay,PERSON,0.4166666666666667,0.5833333333333334,en,1.0
Javier Milei,Javier Milei,PERSON,-0.05,0.23750000000000002,en,1.0
Courtney Kealy,Courtney Kealy,PERSON,0.35714285714285715,0.5714285714285714,en,1.0
Getty ImagesExtreme,Getty ImagesExtreme,PERSON,-0.1,0.17500000000000002,en,1.0
Eric Vryn,Eric Vryn,PERSON,-0.42013888888888895,1.5499999999999998,en,1.0
Alfred Weakens,Alfred Weakens,PERSON,0.03125,0.4,en,1.0
George Solis,George Solis,PERSON,0.0,0.0,en,1.0
Santiago Pinote,Santiago Pinote,PERSON,0.06666666666666667,0.6666666666666666,en,1.0
Alessandro Parodi,Alessandro Parodi,PERSON,-0.15,0.3333333333333333,en,1.0
Ibrahim Hussaini,Ibrahim Hussaini,PERSON,0.0,0.0,en,1.0
Bongamor Block Gaon,Bongamor Block Gaon,PERSON,0.0,0.625,en,1.0
Li F,Li F,PERSON,0.0,0.0,en,1.0
Julie Botfield,Julie Botfield,PERSON,0.0,0.0,en,1.0
Wynonna Judd,Wynonna Judd,PERSON,0.25,0.25,en,1.0
Keith Urban,Keith Urban,PERSON,0.25,0.25,en,1.0
Rekha Gupta,Rekha Gupta,PERSON,0.2,0.4833333333333333,en,1.0
Aishwarya Lekshmi,Aishwarya Lekshmi,PERSON,0.75,1.0,en,1.0
Greg Desgroseilliers,Greg Desgroseilliers,PERSON,-0.07792207792207792,0.8571428571428572,en,1.0
Sal Mazzara,Sal Mazzara,PERSON,-0.06666666666666667,0.03333333333333333,en,1.0
Hurricane Erick,Hurricane Erick,PERSON,-0.70875,3.4583333333333335,en,1.0
Wolf Saga,Wolf Saga,PERSON,0.5,0.5,en,1.0
Grimdark Armylist,Grimdark Armylist,PERSON,0.5,0.5,en,1.0
Doug Bostrom,Doug Bostrom,PERSON,0.05333333333333334,0.48,en,1.0
Narendra Modi,Narendra Modi,PERSON,0.07969696969696966,1.3345454545454545,en,1.0
Samuel Daramola,Samuel Daramola,PERSON,-0.0058333333333333345,0.6799999999999999,en,1.0
James Bond Game,James Bond Game,PERSON,0.08333333333333333,0.4777777777777777,en,1.0
Amina Mohammed,Amina Mohammed,PERSON,0.0,0.0,en,1.0
Gates DJ,Gates DJ,PERSON,0.0,0.0,en,1.0
Craig Emerton,Craig Emerton,PERSON,-0.008333333333333331,0.4666666666666666,en,1.0
Vicki Schmidt,Vicki Schmidt,PERSON,0.0,0.0,en,1.0
Khuselwa Rant,Khuselwa Rant,PERSON,0.0,0.0,en,1.0
the Bhote Koshi,the Bhote Koshi,PERSON,0.035,0.9149999999999999,en,1.0
Bhote Koshi,Bhote Koshi,PERSON,-0.2,0.5,en,1.0
Ian Crisp,Ian Crisp,PERSON,0.075,0.25833333333333336,en,1.0
zzZ Remixes,zzZ Remixes,PERSON,0.6666666666666666,0.8666666666666667,en,1.0
Jeff Goldblum,Jeff Goldblum,PERSON,1.4242424242424245,3.2666666666666666,en,1.0
Senzo Mchunu,Senzo Mchunu,PERSON,0.5,0.5,en,1.0
Charles Krupa,Charles Krupa,PERSON,-0.36333333333333334,0.5966666666666667,en,1.0
Kati ThandaLake Eyre,Kati ThandaLake Eyre,PERSON,0.14375,0.33125,en,1.0
Kati Thanda,Kati Thanda,PERSON,0.4,0.95,en,1.0
Cyril Ramaphosa,Cyril Ramaphosa,PERSON,-0.8636363636363635,1.0872727272727272,en,1.0
Joe Arrington,Joe Arrington,PERSON,-0.033333333333333326,0.5,en,1.0
Typhoon Wutip,Typhoon Wutip,PERSON,-0.37500000000000006,1.225,en,1.0
Carrie Bradshaw,Carrie Bradshaw,PERSON,0.0,0.0,en,1.0
Tyler Heyworth,Tyler Heyworth,PERSON,0.18522727272727274,0.42727272727272725,en,1.0
Hideo Kojima,Hideo Kojima,PERSON,0.9681818181818183,1.2647727272727272,en,1.0
Sunocos Parklan,Sunocos Parklan,PERSON,-0.20000000000000004,0.3,en,1.0
Ted Nordhaus,Ted Nordhaus,PERSON,-0.084375,0.8125,en,1.0
Jared Mauch,Jared Mauch,PERSON,0.0,0.0,en,1.0
Tenaga Nasional Bhd,Tenaga Nasional Bhd,PERSON,0.11666666666666665,0.5499999999999999,en,1.0
rice yi,rice yi,PERSON,0.16,0.5399999999999999,en,1.0
Warcraft Classic,Warcraft Classic,PERSON,-0.022222222222222237,0.4277777777777778,en,1.0
Datuk Seri Shafie Apdal,Datuk Seri Shafie Apdal,PERSON,0.175,1.025,en,1.0
Bryce Gall,Bryce Gall,PERSON,0.0,0.0,en,1.0
Tzu Chi,Tzu Chi,PERSON,0.0,0.0,en,1.0
Hari Raya,Hari Raya,PERSON,0.6916666666666667,2.227777777777778,en,1.0
Nur Hidayah Isa,Nur Hidayah Isa,PERSON,0.3666666666666667,1.7666666666666666,en,1.0
Mohamad Sa,Mohamad Sa,PERSON,0.11666666666666665,0.3,en,1.0
Sungai Skudai,Sungai Skudai,PERSON,0.16874999999999998,0.6833333333333333,en,1.0
Mohamad Salleh,Mohamad Salleh,PERSON,0.0,0.175,en,1.0
Mohamad Fazli,Mohamad Fazli,PERSON,0.11666666666666665,0.475,en,1.0
Tunku Mahkota Ismail,Tunku Mahkota Ismail,PERSON,0.175,0.275,en,1.0
Datuk Ser,Datuk Ser,PERSON,0.0,0.0,en,1.0
Dr Wee,Dr Wee,PERSON,0.0,0.0,en,1.0
Suhaizan Kaiat,Suhaizan Kaiat,PERSON,0.16874999999999998,0.6833333333333333,en,1.0
Pulai MP,Pulai MP,PERSON,0.16874999999999998,0.6833333333333333,en,1.0
Xiao Li,Xiao Li,PERSON,0.5,0.5,en,1.0
Freddy Brewster,Freddy Brewster,PERSON,-0.012499999999999983,0.8,en,1.0
Leonard Leo,Leonard Leo,PERSON,0.1375,0.4,en,1.0
DAVID MARCUS,DAVID MARCUS,PERSON,-0.4,0.4,en,1.0
JEFF MARTIN,JEFF MARTIN,PERSON,0.11666666666666664,0.5666666666666667,en,1.0
Kriton Arsenis,Kriton Arsenis,PERSON,0.0,0.0,en,1.0
Te Whare Wnan,Te Whare Wnan,PERSON,0.0,0.0,en,1.0
Patek Philippe,Patek Philippe,PERSON,0.13636363636363635,0.45454545454545453,en,1.0
Philippe Calatrava,Philippe Calatrava,PERSON,0.13636363636363635,0.45454545454545453,en,1.0
Eid al-Fitr,Eid al-Fitr,PERSON,0.0,0.06666666666666667,en,1.0
Ashley Heckels,Ashley Heckels,PERSON,-0.2,0.4,en,1.0
Changpeng CZ Zhao,Changpeng CZ Zhao,PERSON,0.0,0.1,en,1.0
Binance Th,Binance Th,PERSON,0.0,0.1,en,1.0
Changpeng “CZ,Changpeng “CZ,PERSON,0.0,0.1,en,1.0
Stephane Cardinale - Corbis,Stephane Cardinale - Corbis,PERSON,0.26666666666666666,0.2833333333333333,en,1.0
Outback Queenslanders,Outback Queenslanders,PERSON,0.0,0.0,en,1.0
Datuk Mohd Haffiz Ahmad,Datuk Mohd Haffiz Ahmad,PERSON,0.8458333333333333,1.1,en,1.0
Selena Gomez,Selena Gomez,PERSON,1.1363636363636362,1.6045454545454545,en,1.0
David Marcus,David Marcus,PERSON,0.3,0.4,en,1.0
Abd Mutalib Abd Ghani,Abd Mutalib Abd Ghani,PERSON,0.0,0.0,en,1.0
KOTA TINGGI,KOTA TINGGI,PERSON,0.1,0.3,en,1.0
Andy Ringsmuth,Andy Ringsmuth,PERSON,0.0,0.0,en,1.0
puoi aderire,puoi aderire,PERSON,0.0,0.0,en,1.0
Imja Lake,Imja Lake,PERSON,0.0,0.0,en,1.0
Elizabeth Felix,Elizabeth Felix,PERSON,0.15333333333333335,0.3466666666666667,en,1.0
Leon Fresco,Leon Fresco,PERSON,0.0,0.0,en,1.0
Tony Robertson,Tony Robertson,PERSON,0.13636363636363635,0.45454545454545453,en,1.0
Emily Pommer,Emily Pommer,PERSON,0.3333333333333333,0.5,en,1.0
Cussing Deluge,Cussing Deluge,PERSON,-0.15555555555555559,0.2888888888888889,en,1.0
Harris Faulkner,Harris Faulkner,PERSON,-0.24722222222222223,0.5666666666666667,en,1.0
Se hai scelto di non accettare,Se hai scelto di non accettare,PERSON,0.0,0.0,en,1.0
Kg Felda,Kg Felda,PERSON,0.0,0.0,en,1.0
Sesto Fiorentino,Sesto Fiorentino,PERSON,0.1,0.4,en,1.0
Allerta meteo,Allerta meteo,PERSON,0.0,0.0,en,1.0
Chiang Rai,Chiang Rai,PERSON,0.0,0.06666666666666667,en,1.0
Nick Colquhoun,Nick Colquhoun,PERSON,0.5333333333333333,0.9833333333333334,en,1.0
ISABELLA O’MALLEY,ISABELLA O’MALLEY,PERSON,0.2333333333333333,0.5333333333333333,en,1.0
Forbes Burkowski,Forbes Burkowski,PERSON,0.0,0.0,en,1.0
Pico Rivera,Pico Rivera,PERSON,-0.15,0.5599999999999999,en,1.0
Åsa Lucander,Åsa Lucander,PERSON,0.9400000000000001,1.8599999999999999,en,1.0
Aardman Find Love,Aardman Find Love,PERSON,0.5,0.6,en,1.0
Sam Hawley,Sam Hawley,PERSON,0.0,0.0,en,1.0
mar Raya,mar Raya,PERSON,-1.0,1.0,en,1.0
Mentri Besar Datuk Onn Hafiz Ghazi,Mentri Besar Datuk Onn Hafiz Ghazi,PERSON,0.0,0.0,en,1.0
Johor Mentri Besar,Johor Mentri Besar,PERSON,0.0,0.0,en,1.0
Datuk Seri Tiong King Sing,Datuk Seri Tiong King Sing,PERSON,0.061111111111111116,0.48888888888888893,en,1.0
Desa Mutiara,Desa Mutiara,PERSON,0.25555555555555554,0.6694444444444444,en,1.0
Bahrin Mohd,Bahrin Mohd,PERSON,0.0,0.0,en,1.0
orang asli,orang asli,PERSON,0.3333333333333333,0.5,en,1.0
Sam Altman,Sam Altman,PERSON,0.04545454545454545,0.3348484848484849,en,1.0
Teo Nie Ching,Teo Nie Ching,PERSON,0.0,0.0,en,1.0
Batu Pahat,Batu Pahat,PERSON,0.5249999999999999,2.95,en,1.0
Luis de La Fuente,Luis de La Fuente,PERSON,0.025,0.35,en,1.0
Lamine Yamal,Lamine Yamal,PERSON,0.07500000000000001,0.55,en,1.0
Pau Cubarsi,Pau Cubarsi,PERSON,0.07500000000000001,0.55,en,1.0
Ola Oresany,Ola Oresany,PERSON,0.0,0.5,en,1.0
Ola Oresanya,Ola Oresanya,PERSON,0.0,0.0,en,1.0
Nordiana Moidoo,Nordiana Moidoo,PERSON,-0.10999999999999999,1.2349999999999999,en,1.0
Kampung Pengkalan Bukit,Kampung Pengkalan Bukit,PERSON,0.19,0.41000000000000003,en,1.0
Kerry Wan,Kerry Wan,PERSON,0.390625,0.5541666666666667,en,1.0
ALEXA ST,ALEXA ST,PERSON,0.06785714285714287,0.6714285714285715,en,1.0
Allie Teilz,Allie Teilz,PERSON,0.25,0.25,en,1.0
Tripura CM,Tripura CM,PERSON,0.0,0.0,en,1.0
Jeffrey Linn,Jeffrey Linn,PERSON,0.0,0.0,en,1.0
Jeffre Linn,Jeffre Linn,PERSON,0.0,0.0,en,1.0
​Why JD Vance,​Why JD Vance,PERSON,0.0,0.0,en,1.0
Lee Zeldin,Lee Zeldin,PERSON,0.0,0.0,en,1.0
Jared Leto yesterd,Jared Leto yesterd,PERSON,0.25,0.25,en,1.0
Jared Leto,Jared Leto,PERSON,0.25,0.25,en,1.0
Sungai Dua,Sungai Dua,PERSON,0.0,0.25,en,1.0
Celine Gounder,Celine Gounder,PERSON,0.0,0.4,en,1.0
Seberang Perai,Seberang Perai,PERSON,0.0,0.25,en,1.0
Angie Lassman,Angie Lassman,PERSON,0.0,0.0,en,1.0
Maggie Vespa,Maggie Vespa,PERSON,0.0,0.0,en,1.0
Cyclone Tam,Cyclone Tam,PERSON,0.849738455988456,3.8719390331890335,en,1.0
Taylor Road,Taylor Road,PERSON,0.0,0.1,en,1.0
Tammi Wamstad,Tammi Wamstad,PERSON,-0.016666666666666666,0.15555555555555556,en,1.0
Bruce Springsteens,Bruce Springsteens,PERSON,0.18831168831168832,0.3896103896103896,en,1.0
Manik Saha,Manik Saha,PERSON,0.0,0.0,en,1.0
Tripura CM Manik Saha,Tripura CM Manik Saha,PERSON,0.0,0.625,en,1.0
"Robert ""Boo"" Singleton","Robert ""Boo"" Singleton",PERSON,0.25,1.0,en,1.0
Pokemon TCG Pocket Busts,Pokemon TCG Pocket Busts,PERSON,0.0625,0.5,en,1.0
Greg Abel,Greg Abel,PERSON,-0.07777777777777779,0.14444444444444446,en,1.0
Warren Buffett,Warren Buffett,PERSON,-0.07777777777777779,0.14444444444444446,en,1.0
Nicole Sganga,Nicole Sganga,PERSON,0.0,0.0,en,1.0
Tom Perkins,Tom Perkins,PERSON,0.09523809523809523,0.2119047619047619,en,1.0
Uttar Pradesh,Uttar Pradesh,PERSON,0.0,0.0,en,1.0
Elise Stefanik,Elise Stefanik,PERSON,-0.04111111111111112,0.35444444444444445,en,1.0
Isabel Koyama,Isabel Koyama,PERSON,-0.1,0.1,en,1.0
Cascadia megaquake,Cascadia megaquake,PERSON,0.0,0.0,en,1.0
Lucia Mutikani,Lucia Mutikani,PERSON,0.39669312169312165,0.6818783068783069,en,1.0
Brian Collins,Brian Collins,PERSON,1.1083333333333334,1.2875,en,1.0
Sarah Huckabee Sanders,Sarah Huckabee Sanders,PERSON,-0.06666666666666667,0.3333333333333333,en,1.0
Franz Rosati,Franz Rosati,PERSON,0.10999999999999999,0.55,en,1.0
Glenn McGurrin,Glenn McGurrin,PERSON,0.0,0.0,en,1.0
Mike Hammett,Mike Hammett,PERSON,1.175,1.65,en,1.0
Pokemon Sun,Pokemon Sun,PERSON,0.0,0.0,en,1.0
Bruce Springsteen,Bruce Springsteen,PERSON,0.16883116883116883,0.7889610389610389,en,1.0
Mindaugas Balčiauskas,Mindaugas Balčiauskas,PERSON,0.3181818181818182,0.5272727272727272,en,1.0
Eujin Byun,Eujin Byun,PERSON,0.011666666666666667,0.5133333333333333,en,1.0
Kampung Sungai Merab Luar,Kampung Sungai Merab Luar,PERSON,-0.3,0.4,en,1.0
Adrian Carrasquillo,Adrian Carrasquillo,PERSON,-0.8,1.4,en,1.0
Vijay Balasubramaniyan,Vijay Balasubramaniyan,PERSON,-0.5,1.0,en,1.0
Ivan X,Ivan X,PERSON,-0.5,1.0,en,1.0
Carl Zwanzig,Carl Zwanzig,PERSON,0.125,0.55,en,1.0
Matt Stone,Matt Stone,PERSON,0.04285714285714285,0.30476190476190473,en,1.0
Travis Loller,Travis Loller,PERSON,0.024999999999999994,0.23333333333333334,en,1.0
ANTHONY IZAGUIRRE,ANTHONY IZAGUIRRE,PERSON,-0.2333333333333333,0.3,en,1.0
KIMBERLEE KRUESI,KIMBERLEE KRUESI,PERSON,-0.2333333333333333,0.3,en,1.0
Nikil Saval,Nikil Saval,PERSON,0.175,0.55,en,1.0
Dana Hardin,Dana Hardin,PERSON,0.05,0.2,en,1.0
dayslong torrent,dayslong torrent,PERSON,0.0,0.0,en,1.0
Getty ImagesThe,Getty ImagesThe,PERSON,0.0,0.0,en,1.0
Michael Swensen,Michael Swensen,PERSON,0.0,0.0,en,1.0
Louise Hoch,Louise Hoch,PERSON,-0.2916666666666667,0.5416666666666666,en,1.0
Gabriel Andrews,Gabriel Andrews,PERSON,0.0,0.0,en,1.0
Tailfin AeroPack Cargo,Tailfin AeroPack Cargo,PERSON,0.29166666666666663,0.5416666666666666,en,1.0
Bradley Blackburn,Bradley Blackburn,PERSON,0.0,0.0,en,1.0
Gabby Giffords,Gabby Giffords,PERSON,2.0,0.6,en,1.0
MBSA appea,MBSA appea,PERSON,0.11688311688311688,0.37936507936507935,en,1.0
Yuki Noguchi,Yuki Noguchi,PERSON,0.14285714285714285,0.31785714285714284,en,1.0
Mario Ernesto Sánchez,Mario Ernesto Sánchez,PERSON,-0.1875,0.6,en,1.0
Tokunbo W,Tokunbo W,PERSON,0.0,0.0,en,1.0
Sanam Ahmed,Sanam Ahmed,PERSON,0.06818181818181818,0.4772727272727273,en,1.0
Nicky Katt,Nicky Katt,PERSON,0.5,2.0,en,1.0
Jess Bravin,Jess Bravin,PERSON,0.20634920634920637,0.37857142857142856,en,1.0
Steven Hall,Steven Hall,PERSON,0.26666666666666666,0.19999999999999998,en,1.0
Deborah Barasa,Deborah Barasa,PERSON,0.0,0.0,en,1.0
Colleen Flood,Colleen Flood,PERSON,-0.0625,0.22083333333333333,en,1.0
Andrea Speed,Andrea Speed,PERSON,0.0625,0.26249999999999996,en,1.0
Amara Nwuneli,Amara Nwuneli,PERSON,0.2916666666666667,0.6666666666666666,en,1.0
Comm Mohd Iqbal Ibrahim,Comm Mohd Iqbal Ibrahim,PERSON,0.0,0.0,en,1.0
Shah Alam OCPD,Shah Alam OCPD,PERSON,0.0,0.0,en,1.0
SHAH ALAM,SHAH ALAM,PERSON,-0.28928571428571437,2.6166666666666667,en,1.0
Batu Tiga,Batu Tiga,PERSON,0.0,0.0,en,1.0
Larry Leitha,Larry Leitha,PERSON,0.0,0.0,en,1.0
ex-Cyclone Alfred,ex-Cyclone Alfred,PERSON,0.049999999999999996,0.15,en,1.0
JULIO CORTEZ,JULIO CORTEZ,PERSON,-0.07500000000000001,0.425,en,1.0
Abbott Delivers George Strait Checks,Abbott Delivers George Strait Checks,PERSON,0.0,0.0,en,1.0
Afsar Khan,Afsar Khan,PERSON,-0.3,0.55,en,1.0
Jayda Floyd,Jayda Floyd,PERSON,-0.275,1.0583333333333336,en,1.0
Jack Grealish,Jack Grealish,PERSON,0.0,0.0,en,1.0
Mike Dunleavy,Mike Dunleavy,PERSON,0.014285714285714263,0.8452380952380952,en,1.0
Nitin RamolaReporting,Nitin RamolaReporting,PERSON,-0.25,0.225,en,1.0
Joey Leveille,Joey Leveille,PERSON,0.041666666666666664,1.1777777777777778,en,1.0
Sara Carton,Sara Carton,PERSON,0.041666666666666664,1.8111111111111113,en,1.0
Jim Schlossnagle,Jim Schlossnagle,PERSON,0.0,0.25,en,1.0
Ganga Baha,Ganga Baha,PERSON,-0.015625,0.2604166666666667,en,1.0
Ms Lea,Ms Lea,PERSON,0.0,0.0,en,1.0
JAMIE STENGLE,JAMIE STENGLE,PERSON,0.0,0.0,en,1.0
CLAUDIA LAUER,CLAUDIA LAUER,PERSON,0.0,0.0,en,1.0
PAOLO SANTALUCIA,PAOLO SANTALUCIA,PERSON,0.26666666666666666,0.3,en,1.0
Brian Keeper,Brian Keeper,PERSON,0.7,0.9166666666666667,en,1.0
Ioanna Stamataki,Ioanna Stamataki,PERSON,-0.2777777777777778,1.0416666666666667,en,1.0
Fort Stewart,Fort Stewart,PERSON,-0.11666666666666667,0.5,en,1.0
Cape Verde,Cape Verde,PERSON,-0.45,0.65,en,1.0
Santo Antão,Santo Antão,PERSON,-0.25,0.25,en,1.0
George Strait’s,George Strait’s,PERSON,0.0,0.0,en,1.0
Michelle Leathley,Michelle Leathley,PERSON,0.13636363636363635,0.45454545454545453,en,1.0
Olivia Dunne sparks,Olivia Dunne sparks,PERSON,0.1375,0.825,en,1.0
Powells Jackson Hole,Powells Jackson Hole,PERSON,-0.20000000000000004,0.3,en,1.0
Brevan Howard,Brevan Howard,PERSON,0.0,0.0,en,1.0
Usman Zahid &amp,Usman Zahid &amp,PERSON,-0.2333333333333333,0.5166666666666667,en,1.0
Keerthy Suresh,Keerthy Suresh,PERSON,0.05000000000000002,0.425,en,1.0
Preity Mukundhan,Preity Mukundhan,PERSON,0.05000000000000002,0.425,en,1.0
Lashes Caribbean With,Lashes Caribbean With,PERSON,0.0,0.0,en,1.0
Patrick Mo,Patrick Mo,PERSON,0.0,0.0,en,1.0
Patrick Morrisey,Patrick Morrisey,PERSON,-0.05,0.4,en,1.0
RIAZ KHAN,RIAZ KHAN,PERSON,-0.13333333333333333,0.016666666666666666,en,1.0
CHANNI ANAND,CHANNI ANAND,PERSON,-0.13333333333333333,0.016666666666666666,en,1.0
Alex Jones,Alex Jones,PERSON,0.0,0.1,en,1.0
Mohammed Irsha,Mohammed Irsha,PERSON,0.0,0.0,en,1.0
Bray Park,Bray Park,PERSON,0.5583333333333333,0.39999999999999997,en,1.0
Bruce Reingold,Bruce Reingold,PERSON,-0.08333333333333333,0.5833333333333334,en,1.0
Mecklenburg C,Mecklenburg C,PERSON,-0.125,0.125,en,1.0
Storm Floris,Storm Floris,PERSON,-0.21180555555555555,0.9381944444444443,en,1.0
Andriy Drohorub,Andriy Drohorub,PERSON,0.5,0.5,en,1.0
Veronica Hill,Veronica Hill,PERSON,-0.21306818181818182,0.9772727272727273,en,1.0
Klearchos Marousakis,Klearchos Marousakis,PERSON,0.0,0.0,en,1.0
Peter Willis,Peter Willis,PERSON,0.0,0.0,en,1.0
Te Puke,Te Puke,PERSON,0.05,0.5,en,1.0
Physical Infrast,Physical Infrast,PERSON,0.0,0.14285714285714285,en,1.0
Dahal Inspects,Dahal Inspects,PERSON,0.0,1.0,en,1.0
JD Vance,JD Vance,PERSON,0.10666666666666663,3.4677777777777776,en,1.0
Fig Beard,Fig Beard,PERSON,0.19444444444444442,0.4611111111111111,en,1.0
Lauro Sabino,Lauro Sabino,PERSON,0.0,0.0,en,1.0
Phu Th,Phu Th,PERSON,-0.1,0.375,en,1.0
JASON ISAAC,JASON ISAAC,PERSON,0.5,0.5,en,1.0
Annabella Rosciglione,Annabella Rosciglione,PERSON,0.0,0.0,en,1.0
Wes Moore,Wes Moore,PERSON,-0.17857142857142858,0.43392857142857144,en,1.0
STAN CHOE,STAN CHOE,PERSON,0.1787878787878788,0.5348484848484848,en,1.0
Nghe An,Nghe An,PERSON,-0.16333333333333336,1.3799999999999997,en,1.0
Jamaica Aguilar,Jamaica Aguilar,PERSON,-0.15555555555555559,0.2888888888888889,en,1.0
James Avery Workshop,James Avery Workshop,PERSON,0.0,0.0,en,1.0
Rachel Feltman,Rachel Feltman,PERSON,0.3333333333333333,0.5,en,1.0
Daisy Silva,Daisy Silva,PERSON,-0.5000000000000001,0.8666666666666667,en,1.0
Hu Yuefang,Hu Yuefang,PERSON,-0.54,1.035,en,1.0
Christopher Davidson,Christopher Davidson,PERSON,0.0625,0.375,en,1.0
Son La,Son La,PERSON,-0.1,0.375,en,1.0
Mason Kearns,Mason Kearns,PERSON,0.0,0.0,en,1.0
Raed Arafat,Raed Arafat,PERSON,0.0,0.0,en,1.0
Bella Han,Bella Han,PERSON,0.0,0.0,en,1.0
Byron Beed,Byron Beed,PERSON,0.275,0.5,en,1.0
Byron Beede,Byron Beede,PERSON,0.05000000000000002,0.5,en,1.0
Vince Zampelli,Vince Zampelli,PERSON,0.32500000000000007,1.0,en,1.0
Nikki Battiste,Nikki Battiste,PERSON,0.0,0.0,en,1.0
Călin Georgescu,Călin Georgescu,PERSON,0.21666666666666665,0.36666666666666664,en,1.0
Mike Richards,Mike Richards,PERSON,-0.3659090909090909,0.6761363636363636,en,1.0
Vibhu Mishra31,Vibhu Mishra31,PERSON,-0.2,0.4,en,1.0
grill Kerr County,grill Kerr County,PERSON,0.0,0.0,en,1.0
Kathy Hochul,Kathy Hochul,PERSON,0.16839826839826838,0.654978354978355,en,1.0
NADIA LATHAN,NADIA LATHAN,PERSON,0.0,0.0,en,1.0
Farhan Haq,Farhan Haq,PERSON,0.55,0.825,en,1.0
Olivia Dunne,Olivia Dunne,PERSON,0.25,0.4,en,1.0
Olivia Dunneis,Olivia Dunneis,PERSON,0.125,0.35833333333333334,en,1.0
Param Sundari,Param Sundari,PERSON,0.15833333333333333,0.525,en,1.0
J&K SDMA,J&K SDMA,PERSON,0.0,0.0,en,1.0
Peju Ogunmola,Peju Ogunmola,PERSON,-0.6000000000000001,1.7,en,1.0
Georgia Jiang,Georgia Jiang,PERSON,0.1,0.65,en,1.0
Mother Design,Mother Design,PERSON,0.0,0.0,en,1.0
Steven Van Middelem,Steven Van Middelem,PERSON,0.0,0.0,en,1.0
Sparks Deluge of Anger,Sparks Deluge of Anger,PERSON,-0.7,0.2,en,1.0
RIP Gurgaon,RIP Gurgaon,PERSON,-0.1,0.25,en,1.0
Salal Dam,Salal Dam,PERSON,-0.2,0.5,en,1.0
Pintu Kumar Mahla,Pintu Kumar Mahla,PERSON,-0.47291666666666665,1.1791666666666667,en,1.0
Sidharth Malhotra,Sidharth Malhotra,PERSON,0.15833333333333333,0.525,en,1.0
Jed Manning,Jed Manning,PERSON,-0.046875,0.30625,en,1.0
George ThorpeBBC News,George ThorpeBBC News,PERSON,-0.2,0.5,en,1.0
JD Vance Can’t Say,JD Vance Can’t Say,PERSON,0.0,0.5694444444444444,en,1.0
Arief Prasetyo Adi,Arief Prasetyo Adi,PERSON,0.0,0.0,en,1.0
Kathy Papasan,Kathy Papasan,PERSON,0.0,0.0,en,1.0
Aaron Schwartz,Aaron Schwartz,PERSON,0.0,0.0,en,1.0
Yilun Cheng,Yilun Cheng,PERSON,0.0,0.0,en,1.0
Suresh Rawat,Suresh Rawat,PERSON,-0.5,0.5,en,1.0
Rachel Rhode,Rachel Rhode,PERSON,0.6666666666666666,0.8333333333333333,en,1.0
Allie Olsonoski,Allie Olsonoski,PERSON,0.6666666666666666,0.8333333333333333,en,1.0
Jason Koebler,Jason Koebler,PERSON,0.1875,0.4375,en,1.0
M Y Tarigami,M Y Tarigami,PERSON,-0.3333333333333333,0.4166666666666667,en,1.0
Nick Bax,Nick Bax,PERSON,-0.17857142857142858,0.39285714285714285,en,1.0
Lylee Gibbs,Lylee Gibbs,PERSON,0.0,0.0,en,1.0
Molly Parker,Molly Parker,PERSON,0.0,0.0,en,1.0
Julia Rendleman,Julia Rendleman,PERSON,0.0,0.0,en,1.0
Blake Bonner,Blake Bonner,PERSON,0.016666666666666666,0.26904761904761904,en,1.0
Matthew Childress,Matthew Childress,PERSON,-0.6,0.525,en,1.0
Punardeep Sing,Punardeep Sing,PERSON,0.0,0.0,en,1.0
Sanjeev Jha,Sanjeev Jha,PERSON,0.0,0.0,en,1.0
Arvind Kejriwal,Arvind Kejriwal,PERSON,0.0,0.0,en,1.0
Nabeel Javed,Nabeel Javed,PERSON,0.16666666666666666,0.5722222222222222,en,1.0
Habib Ke,Habib Ke,PERSON,0.275,0.3,en,1.0
Gatta Dallar,Gatta Dallar,PERSON,0.06666666666666667,0.4666666666666666,en,1.0
Manu Machhi,Manu Machhi,PERSON,0.06666666666666667,0.4666666666666666,en,1.0
Loha Pul,Loha Pul,PERSON,0.0,0.0,en,1.0
Lauren McGaughy,Lauren McGaughy,PERSON,0.0,0.0,en,1.0
Billy Hewes,Billy Hewes,PERSON,0.1787878787878788,0.3,en,1.0
JEFF AMY,JEFF AMY,PERSON,0.0,0.0,en,1.0
Dibakar Roy,Dibakar Roy,PERSON,0.05,0.6125,en,1.0
Cui Jian,Cui Jian,PERSON,-0.07500000000000001,0.14166666666666666,en,1.0
Michael McCowns,Michael McCowns,PERSON,0.0,0.0,en,1.0
Bryan Kohberger,Bryan Kohberger,PERSON,1.3877787807814457e-17,1.1166666666666667,en,1.0
Naman Shaw,Naman Shaw,PERSON,-0.125,0.775,en,1.0
Mangal Lakshmi,Mangal Lakshmi,PERSON,-0.125,0.775,en,1.0
Stephanie Coleman,Stephanie Coleman,PERSON,0.0,0.0,en,1.0
Gerald Weinberg,Gerald Weinberg,PERSON,0.0,0.0,en,1.0
Craig Shimala,Craig Shimala,PERSON,0.0,0.0,en,1.0
Aron Landy,Aron Landy,PERSON,0.0,0.3,en,1.0
Meg Oliver,Meg Oliver,PERSON,0.0,0.0,en,1.0
Gamescom Opening Night Live 2025,Gamescom Opening Night Live 2025,PERSON,0.13636363636363635,0.5,en,1.0
Julianne Geiger - Aug 19,Julianne Geiger - Aug 19,PERSON,-0.08333333333333333,0.5833333333333334,en,1.0
Whiting Refinery Hit by Storm Flooding and Flaring,Whiting Refinery Hit by Storm Flooding and Flaring,PERSON,0.0,0.0,en,1.0
Holly Andrzejewski,Holly Andrzejewski,PERSON,0.5,0.6666666666666666,en,1.0
Outer Banks,Outer Banks,PERSON,0.1,0.4,en,1.0
Charles Perry,Charles Perry,PERSON,0.0,0.1,en,1.0
Daniel Adams,Daniel Adams,PERSON,0.0,0.0,en,1.0
Joshua Tree National Park,Joshua Tree National Park,PERSON,-0.30000000000000004,0.75,en,1.0
Sawai Madhopur,Sawai Madhopur,PERSON,-0.1,1.425,en,1.0
Joshua Tree National Park Issues Warning to Visitors,Joshua Tree National Park Issues Warning to Visitors,PERSON,0.0,0.0,en,1.0
Bruno Pizzul,Bruno Pizzul,PERSON,-0.2666666666666667,2.533333333333333,en,1.0
DJ Mag,DJ Mag,PERSON,0.05833333333333333,0.3833333333333333,en,1.0
Becca Inglis,Becca Inglis,PERSON,0.05833333333333333,0.3833333333333333,en,1.0
Jitendra Singh,Jitendra Singh,PERSON,0.1,0.4,en,1.0
Helen Youngberry,Helen Youngberry,PERSON,0.140625,0.53125,en,1.0
Kate Yoder,Kate Yoder,PERSON,0.375,0.75,en,1.0
LexisNexis execu,LexisNexis execu,PERSON,0.16666666666666666,0.3333333333333333,en,1.0
Matt Lupoli,Matt Lupoli,PERSON,0.0,0.0,en,1.0
Vaishno Devi,Vaishno Devi,PERSON,-0.16666666666666666,0.32222222222222224,en,1.0
Iqbal Solangi,Iqbal Solangi,PERSON,-0.03787878787878788,0.28484848484848485,en,1.0
Storm Éowyn,Storm Éowyn,PERSON,-0.27999999999999997,0.36,en,1.0
Sukhvinder Singh Sukhu,Sukhvinder Singh Sukhu,PERSON,0.0,0.225,en,1.0
Pekhubela Solar Project,Pekhubela Solar Project,PERSON,0.0,0.375,en,1.0
Hussain Ali,Hussain Ali,PERSON,0.0,0.0,en,1.0
Ken Pagurek,Ken Pagurek,PERSON,-0.175,0.43750000000000006,en,1.0
Angel Garcia,Angel Garcia,PERSON,0.5,0.5,en,1.0
Peter Dutton,Peter Dutton,PERSON,0.04999999999999999,0.3333333333333333,en,1.0
Rob Kelly,Rob Kelly,PERSON,0.35,0.35,en,1.0
Nicole Fallert,Nicole Fallert,PERSON,0.0,0.0,en,1.0
Tushar Barahate,Tushar Barahate,PERSON,0.1,0.4,en,1.0
Monty Python and,Monty Python and,PERSON,0.0,0.0,en,1.0
Lake Buchanan,Lake Buchanan,PERSON,-0.06000000000000001,0.32666666666666666,en,1.0
Lake Travis,Lake Travis,PERSON,-0.06000000000000001,0.32666666666666666,en,1.0
James Avery Artisan Jewelry,James Avery Artisan Jewelry,PERSON,0.0,0.0,en,1.0
Pat Green,Pat Green,PERSON,-0.1,0.275,en,1.0
Dallas Mavericks,Dallas Mavericks,PERSON,0.0,0.0,en,1.0
Nicole Whelam,Nicole Whelam,PERSON,0.5,0.5,en,1.0
Cooper Flagg,Cooper Flagg,PERSON,-0.45,0.5,en,1.0
sayi‚Ä¶ Ryan Ness,sayi‚Ä¶ Ryan Ness,PERSON,-0.11666666666666665,0.5,en,1.0
Matt Gutman,Matt Gutman,PERSON,0.0,0.0,en,1.0
Matthew Crowder,Matthew Crowder,PERSON,0.0,0.0,en,1.0
Michael Bloomberg,Michael Bloomberg,PERSON,-0.48750000000000004,1.425,en,1.0
Rich McKay,Rich McKay,PERSON,0.34375,0.5,en,1.0
Andrew Freedman,Andrew Freedman,PERSON,0.0,0.85,en,1.0
Greg Sargent,Greg Sargent,PERSON,0.26969696969696966,0.7212121212121212,en,1.0
Eloise Jones,Eloise Jones,PERSON,0.0,0.0,en,1.0
David Muir,David Muir,PERSON,0.0,0.0,en,1.0
Robert Brake Jr,Robert Brake Jr,PERSON,0.0,0.0,en,1.0
Adam Zyglis,Adam Zyglis,PERSON,-0.2,0.4,en,1.0
DIGITAL AGARTALA,DIGITAL AGARTALA,PERSON,0.0,0.0,en,1.0
Ingram Tom Moore High School,Ingram Tom Moore High School,PERSON,-0.10214285714285713,0.6664285714285715,en,1.0
Tate DeMasco,Tate DeMasco,PERSON,-0.10214285714285713,0.6664285714285715,en,1.0
Juana Summers,Juana Summers,PERSON,-0.10214285714285713,0.6664285714285715,en,1.0
Jeff Ramsey,Jeff Ramsey,PERSON,-0.16666666666666666,0.19999999999999998,en,1.0
Erin Burge,Erin Burge,PERSON,0.0,0.0,en,1.0
Taylor Bergmann,Taylor Bergmann,PERSON,0.0,0.0,en,1.0
Gwen Stefani,Gwen Stefani,PERSON,0.0,0.0,en,1.0
Luke Bryan,Luke Bryan,PERSON,0.0,0.0,en,1.0
Blake Shelton,Blake Shelton,PERSON,0.0,0.0,en,1.0
Ciudad Acuña,Ciudad Acuña,PERSON,0.0,0.0,en,1.0
THOMAS PEIPERT,THOMAS PEIPERT,PERSON,-0.03181818181818183,0.22727272727272727,en,1.0
Augustus Doricko,Augustus Doricko,PERSON,0.17500000000000002,0.975,en,1.0
Adolf Hitler,Adolf Hitler,PERSON,-0.18545454545454543,1.4875757575757576,en,1.0
Noel King,Noel King,PERSON,-0.1,0.25,en,1.0
Scarlett Johansson,Scarlett Johansson,PERSON,0.0,0.0,en,1.0
North Carolin,North Carolin,PERSON,-0.06875,0.40625,en,1.0
Jennifer Garner,Jennifer Garner,PERSON,-0.25,0.75,en,1.0
Ex-Cyclone Alfred,Ex-Cyclone Alfred,PERSON,0.0,0.0,en,1.0
Sarra Robertson,Sarra Robertson,PERSON,0.1,0.4,en,1.0
Warby Parker,Warby Parker,PERSON,-0.07999999999999999,0.31333333333333335,en,1.0
Dick Eastland,Dick Eastland,PERSON,0.7416666666666667,1.4416666666666669,en,1.0
Melvin Harris,Melvin Harris,PERSON,0.0,0.0,en,1.0
Melinda Harris,Melinda Harris,PERSON,0.0,0.0,en,1.0
Matthew McConaughey,Matthew McConaughey,PERSON,-0.9416666666666667,1.2,en,1.0
Paul Petzy,Paul Petzy,PERSON,-0.09090909090909091,0.5886363636363636,en,1.0
John Burgess,John Burgess,PERSON,-0.16666666666666666,0.2722222222222222,en,1.0
Chloe Childress,Chloe Childress,PERSON,-0.18666666666666668,1.0533333333333332,en,1.0
Kerr Count,Kerr Count,PERSON,0.0,0.0,en,1.0
Shakira Donates Portion of Show Proceeds to Victims of Deadly Texas Floods,Shakira Donates Portion of Show Proceeds to Victims of Deadly Texas Floods,PERSON,-0.2,0.4,en,1.0
Kerr Coun,Kerr Coun,PERSON,0.0,0.0,en,1.0
Robert Ivey,Robert Ivey,PERSON,-0.2,0.45,en,1.0
Troy Aikman,Troy Aikman,PERSON,3.0277777777777777,3.4305555555555554,en,1.0
Rudy Susmanto,Rudy Susmanto,PERSON,0.0,0.2,en,1.0
Hannah Murphy,Hannah Murphy,PERSON,0.875,0.6000000000000001,en,1.0
Jim Vondruska,Jim Vondruska,PERSON,0.0,0.0,en,1.0
Baha Blanca,Baha Blanca,PERSON,0.3,0.1,en,1.0
Joyce Catherine Badon,Joyce Catherine Badon,PERSON,-0.2,0.11666666666666667,en,1.0
Nicole Wilson,Nicole Wilson,PERSON,0.0,0.0,en,1.0
Ryan Ness,Ryan Ness,PERSON,-0.5249999999999999,1.5,en,1.0
RFK Jr,RFK Jr,PERSON,-0.2,0.4,en,1.0
Kandiss Taylor,Kandiss Taylor,PERSON,-0.125,1.0,en,1.0
Joel Baker,Joel Baker,PERSON,0.0,0.0,en,1.0
Austin Fire,Austin Fire,PERSON,0.0,0.0,en,1.0
Justin Rubio,Justin Rubio,PERSON,-0.1,0.1,en,1.0
Clark Hunt,Clark Hunt,PERSON,0.0,0.13333333333333333,en,1.0
Janie Hunt,Janie Hunt,PERSON,-0.2,0.18333333333333335,en,1.0
Billy Lee Brammer,Billy Lee Brammer,PERSON,-0.12083333333333332,0.6458333333333333,en,1.0
Scott Ruskin,Scott Ruskin,PERSON,-0.2,0.4,en,1.0
Angélica CasasReporting,Angélica CasasReporting,PERSON,0.0,0.25,en,1.0
Karoline Leavitt,Karoline Leavitt,PERSON,-0.45,0.6,en,1.0
Ted Cruz,Ted Cruz,PERSON,-0.8999999999999999,0.9333333333333333,en,1.0
George Strait,George Strait,PERSON,-0.4,0.8,en,1.0
MORGAN LEE,MORGAN LEE,PERSON,-1.0,1.0,en,1.0
SUSAN MONTOYA BRYAN,SUSAN MONTOYA BRYAN,PERSON,-1.0,1.0,en,1.0
Dana Bash,Dana Bash,PERSON,0.0,0.0,en,1.0
Shterni Freedman,Shterni Freedman,PERSON,0.028571428571428564,0.3452380952380952,en,1.0
Kali Gandaki,Kali Gandaki,PERSON,0.0,0.9,en,1.0
hang tou,hang tou,PERSON,0.0,0.0,en,1.0
Mike Hayes,Mike Hayes,PERSON,0.0,0.125,en,1.0
ORLA VISTA,ORLA VISTA,PERSON,0.0,0.0,en,1.0
Jeffrey Epstein,Jeffrey Epstein,PERSON,1.5222222222222221,2.0694444444444446,en,1.0
Elon Musk,Elon Musk,PERSON,-0.11851851851851855,0.7296296296296296,en,1.0
Dakshina Kannada,Dakshina Kannada,PERSON,0.15,0.55,en,1.0
Steve Miller,Steve Miller,PERSON,-0.3784722222222222,2.0625,en,1.0
Bill Nye,Bill Nye,PERSON,0.0,0.0,en,1.0
Tom Brady,Tom Brady,PERSON,0.0,0.3,en,1.0
Mark Friedlander,Mark Friedlander,PERSON,0.0,0.0,en,1.0
Brazilby Clarence,Brazilby Clarence,PERSON,0.0,0.4,en,1.0
Khan Mohammad Mallah,Khan Mohammad Mallah,PERSON,0.35,0.65,en,1.0
Earths Fu,Earths Fu,PERSON,0.0,0.0,en,1.0
Amy Feldman,Amy Feldman,PERSON,0.8,1.6,en,1.0
Cedar Brook,Cedar Brook,PERSON,0.3121212121212121,0.6515151515151515,en,1.0
Kali Gandaki’s,Kali Gandaki’s,PERSON,0.0,0.0,en,1.0
Paul Licker,Paul Licker,PERSON,0.0,0.0,en,1.0
Lindsey McLeod McCrory,Lindsey McLeod McCrory,PERSON,-0.39999999999999997,0.4166666666666667,en,1.0
Lindsey McLeod McCrorys 8-year-old,Lindsey McLeod McCrorys 8-year-old,PERSON,-0.39999999999999997,0.4166666666666667,en,1.0
Camp Mysti,Camp Mysti,PERSON,0.0,0.0,en,1.0
Typhoon Wipha,Typhoon Wipha,PERSON,0.0,0.0,en,1.0
Babusar Top,Babusar Top,PERSON,0.0,0.4666666666666666,en,1.0
Khyber Pakhtunkhwa,Khyber Pakhtunkhwa,PERSON,-1.7,2.7,en,1.0
Babcock Ran,Babcock Ran,PERSON,0.4000000000000001,0.9,en,1.0
Lomi Kriel,Lomi Kriel,PERSON,0.0,0.0,en,1.0
Lexi Churchill,Lexi Churchill,PERSON,0.0,0.0,en,1.0
John Seabrook,John Seabrook,PERSON,-0.8636363636363636,2.165974025974026,en,1.0
Kolton Taylor,Kolton Taylor,PERSON,0.9875,1.175,en,1.0
the Guadalupe Rive,the Guadalupe Rive,PERSON,-0.18333333333333335,0.43333333333333335,en,1.0
Ellyn Lapointe,Ellyn Lapointe,PERSON,0.0,0.0,en,1.0
Ana Sagar Lake,Ana Sagar Lake,PERSON,0.0,0.0,en,1.0
Khwaja Garib Nawaz Dargah,Khwaja Garib Nawaz Dargah,PERSON,0.2,0.8,en,1.0
amber weat,amber weat,PERSON,0.0,0.0,en,1.0
Alex Brown,Alex Brown,PERSON,0.10625000000000001,0.44999999999999996,en,1.0
New Jer,New Jer,PERSON,0.06909090909090908,0.36363636363636365,en,1.0
Juan Luis Landaeta,Juan Luis Landaeta,PERSON,0.13636363636363635,0.45454545454545453,en,1.0
Chris Carlton,Chris Carlton,PERSON,0.0,0.0,en,1.0
Marjorie Taylor Greene,Marjorie Taylor Greene,PERSON,0.0,0.25,en,1.0
James Oliphant,James Oliphant,PERSON,-0.25,0.2,en,1.0
Peter Ross,Peter Ross,PERSON,-1.0,1.0,en,1.0
Clay Parisher,Clay Parisher,PERSON,0.0,0.05,en,1.0
Doug Gwyn,Doug Gwyn,PERSON,0.0,0.0,en,1.0
Kristen Welker,Kristen Welker,PERSON,-0.2284848484848485,1.0206060606060605,en,1.0
My Family,My Family,PERSON,0.0,0.0,en,1.0
Sade Perkins,Sade Perkins,PERSON,0.0,0.0,en,1.0
Rachel Maddow,Rachel Maddow,PERSON,0.0,0.0,en,1.0
Coco Gauff,Coco Gauff,PERSON,-0.4,0.8,en,1.0
DHS Head Noem,DHS Head Noem,PERSON,0.0,0.0,en,1.0
Jane Ross,Jane Ross,PERSON,-0.020833333333333332,0.3416666666666666,en,1.0
Michelle Lujan Grisham,Michelle Lujan Grisham,PERSON,0.005681818181818177,0.4147727272727273,en,1.0
Kristi Noeminstead,Kristi Noeminstead,PERSON,-0.06666666666666667,0.7333333333333334,en,1.0
Mother Mary,Mother Mary,PERSON,-0.06666666666666667,0.7333333333333334,en,1.0
Kristi Noem Fucked,Kristi Noem Fucked,PERSON,-0.6,0.7,en,1.0
Boyd Clark,Boyd Clark,PERSON,0.0,0.0,en,1.0
AMANDA SWINHART,AMANDA SWINHART,PERSON,-0.10833333333333334,0.2916666666666667,en,1.0
Daniel Nadler,Daniel Nadler,PERSON,0.4,0.8,en,1.0
Pete Sessions,Pete Sessions,PERSON,0.2,0.3,en,1.0
Phil Murphy,Phil Murphy,PERSON,0.0175,0.45749999999999996,en,1.0
Judy Oberg,Judy Oberg,PERSON,0.1590909090909091,0.23863636363636365,en,1.0
Buchanan Dam,Buchanan Dam,PERSON,0.125,0.41666666666666663,en,1.0
Alicia Duff,Alicia Duff,PERSON,0.03333333333333333,0.5,en,1.0
James Hartley,James Hartley,PERSON,0.05833333333333332,0.5874999999999999,en,1.0
Scott Detrow,Scott Detrow,PERSON,0.05833333333333332,0.5874999999999999,en,1.0
Gillespie Counties,Gillespie Counties,PERSON,-0.19393939393939394,0.39659090909090905,en,1.0
Kristi Noem Fumes,Kristi Noem Fumes,PERSON,-0.4600000000000001,0.8200000000000001,en,1.0
Anthony Albanese,Anthony Albanese,PERSON,0.023863636363636337,1.9753787878787876,en,1.0
Elizabeth Kolbert,Elizabeth Kolbert,PERSON,-0.13333333333333333,0.6,en,1.0
Sherry Sweeney,Sherry Sweeney,PERSON,-0.125,0.7,en,1.0
Linsey Davis,Linsey Davis,PERSON,-0.5,0.625,en,1.0
Jane Ragsdale,Jane Ragsdale,PERSON,-0.025,0.1,en,1.0
Alejandro S,Alejandro S,PERSON,0.0,0.0,en,1.0
Olivia Rinaldi,Olivia Rinaldi,PERSON,0.25,0.25,en,1.0
Victoria Sirakova,Victoria Sirakova,PERSON,0.0,0.0,en,1.0
